Beta,mu_IR,rho,eta,N,sigma,psi,loglik,loglik.se
4.501305016854203,2,0.06706393216426594,0.497224616979021,38000,0.027143528455426863,5.372796185801062,-103.71207522126382,0.006800259071047797
4.850743786887571,2,0.07414911899943202,0.4566237146716758,38000,0.017839860508284525,4.843199221682982,-103.75461973483696,0.008577822751207864
4.812941785404209,2,0.07678606510811863,0.46058925985729243,38000,0.030456651762431525,6.032217847446144,-103.81081890573105,0.008328404830435353
4.538333004120784,2,0.06991664864562153,0.4911733951311973,38000,0.05202546399696277,5.619717626840936,-103.82654001255241,0.007698283051846055
5.268378392618571,2,0.0788939588663041,0.42418527464600086,38000,0.013869731408156743,5.794428127499649,-103.83603251635087,0.00658305682347416
5.01542388931898,2,0.08015959807489412,0.4437794324930096,38000,0.0115038648119546,6.103527932006626,-103.85788872178023,0.006426611930102766
5.22758163489629,2,0.07889449316074484,0.43030764116628495,38000,0.006218121153518524,5.439505120460273,-103.86000610677763,0.005136411386701083
5.3582677758296455,2,0.08335795339812412,0.41428741357973237,38000,0.019428362312803454,5.464869638629437,-103.86993747531896,0.008313847136611938
5.448919296642264,2,0.08449142897149219,0.4085798880688152,38000,0.01788872436881988,5.180094193691433,-103.89252798391745,0.006042353810935305
5.53913600518465,2,0.08287153905460388,0.40498638520056185,38000,0.01151164138583532,5.5547979008983495,-103.90676097409967,0.007088369861206437
5.302326024730936,2,0.08132926987318514,0.41882627808910516,38000,0.03544985921736994,5.506004030895538,-103.90737381045956,0.005305192515583748
5.121850096085239,2,0.07763016608712028,0.4356381372317317,38000,0.04767464725693521,5.6407083917993885,-103.9242189021145,0.005758475173567688
5.463118696968905,2,0.08148542577678519,0.4120717288583309,38000,0.019324568389326065,5.712740144338131,-103.93252847862459,0.0072465257488252
5.454381114920255,2,0.08269150118843803,0.40926932519260034,38000,0.027906882643417744,5.006450436176692,-103.93340527953626,0.005295726944338075
5.129296719028998,2,0.07599483770479981,0.43668056084081963,38000,0.0476239958903247,5.747054436135495,-103.93503926703232,0.008520126739119765
4.784764192108581,2,0.0750833440500152,0.46387143661755587,38000,0.05862518794091174,4.997715348802985,-103.93822483383947,0.00864852127762469
5.482120971355161,2,0.08478915603099729,0.4073721249190733,38000,0.026193431068457135,5.235747021056577,-103.93867813565474,0.006496964746953532
5.412740721680225,2,0.0814841479641625,0.41332880762947743,38000,0.038197924943261734,5.453263186647242,-103.95396170761654,0.007292924688637719
5.253311837543465,2,0.08020720471899263,0.4247991445683853,38000,0.048347798444143664,5.395173809625713,-103.96273704682834,0.004428514384237659
5.643494442524396,2,0.088650097796496935,0.3936406786428493,38000,0.010993127933423035,5.263101367777789,-103.96332038916277,0.008410879725765253
5.613353695480497,2,0.08531380614477246,0.3989398420140633,38000,0.024269912030130895,6.051393089837526,-103.97880080957754,0.005947591407116379
5.411645395199218,2,0.08279405788357158,0.41149248373360786,38000,0.03279784064343758,4.738250928252043,-103.97898379218475,0.008007341358118333
5.733598773296219,2,0.09022378031709141,0.387491341583931,38000,0.01693525231143778,5.487706818497613,-103.98685823967324,0.00710437166285597
5.6603853120725125,2,0.08446399758357159,0.3945779030681936,38000,0.020235322937684146,4.905638493417835,-103.98997767782896,0.003806509743527123
5.770724226921703,2,0.08787379264517658,0.3875243462317096,38000,0.011721241651206572,4.870527947412714,-104.00068956746247,0.006808550902233338
5.643677708180795,2,0.08662319411955853,0.396366098441451,38000,0.032866456894700455,5.837004512906683,-104.00283591103106,0.009486707055578508
5.2879992720373625,2,0.08052307067965517,0.4229507405393204,38000,0.05311736919584799,6.028096836575643,-104.00774691918298,0.005810072830259858
5.298155667778662,2,0.08049485245339943,0.4197738696275415,38000,0.05235672861193155,5.402817464555339,-104.00812190637441,0.005759453476228014
5.68330725852396,2,0.08492269075290629,0.3934891133192086,38000,0.025945769109589505,4.799685704461656,-104.0221456623497,0.00817030778851753
5.497153672866833,2,0.08250860146278732,0.40517674559993166,38000,0.046620276286988456,5.132390772996823,-104.0291519080663,0.007100743024114964
5.575593196510233,2,0.08335993457031302,0.40254959374096877,38000,0.043598816768687376,6.079359644175976,-104.03769200120182,0.0058063780443072715
5.7805633034400845,2,0.08950044819282134,0.384898745748434,38000,0.03243284909618272,5.426597038154227,-104.03904558346056,0.00653509597450671
5.903327553914988,2,0.0884470603124851,0.38019855286671084,38000,0.022649681097050768,5.662958739933697,-104.04236547726971,0.007351481406236872
5.69198182208809,2,0.08727426858969096,0.3908283933914574,38000,0.038829645322342767,5.157753597975948,-104.04830902875408,0.0068915939622519965
5.880777685396602,2,0.09212929286966438,0.37764685730508213,38000,0.023668900731757144,5.548939228320939,-104.04959752848555,0.004723310473758459
5.749726498506903,2,0.08929474206445787,0.3878577208562789,38000,0.03525387550587743,5.725292532064451,-104.05942616415881,0.006725399037453339
6.032153508545068,2,0.09298680497986056,0.36642431422045796,38000,0.01707729103351678,5.1936173973574835,-104.07142259053033,0.007793174862135612
5.840426932018704,2,0.08890505151236118,0.38403642583965003,38000,0.026360315960252408,5.017496658913156,-104.07495537980681,0.004200387679858223
6.0965183701761765,2,0.09113304543343181,0.3685446600389992,38000,0.007133029554945364,5.683160798798267,-104.08155379221374,0.006506918971224307
6.0042760328668745,2,0.09184446976056013,0.37102642704141503,38000,0.037897874511267464,5.955448994525153,-104.10417491493064,0.009544390858943593
5.915738054479089,2,0.09032482788022121,0.378353035114841,38000,0.038134509451912935,5.300292582644502,-104.10796256827406,0.007235813196226836
5.608514953014372,2,0.08852291339169387,0.397149213159961,38000,0.050288534904017745,5.927593345531389,-104.11081842590035,0.00693228126393636
6.244652617831126,2,0.09470362003696518,0.35671990551988636,38000,0.022977110427486753,5.726219509198833,-104.11763779232153,0.0067433755182181665
6.246532683499651,2,0.09249982021002509,0.3604437985492931,38000,0.007842588184157137,5.713334681907006,-104.12438093419426,0.008242837673587073
6.123229646822884,2,0.09567074514652489,0.3629678629075497,38000,0.016059371227780096,5.023010555313031,-104.12453375825402,0.0038231339608597284
6.072378534327573,2,0.09088384066996813,0.3704242091775092,38000,0.014039564861629434,5.187612716427088,-104.12696491127299,0.006861563966274329
6.25064007485905,2,0.09338154964345141,0.3588903350599552,38000,0.012202587743028256,5.284428049497355,-104.13028276709348,0.006253607090106705
5.796338085423912,2,0.09020611807204675,0.38701810193515024,38000,0.03283528772472728,5.132640205734488,-104.13660214889453,0.010235857569540468
5.79537098804041,2,0.08681684309296074,0.38547160409162046,38000,0.0552145483362359,5.90766055733988,-104.14076191649568,0.00927916326466701
6.064129725801977,2,0.09173145209805021,0.36685978963223664,38000,0.031704193290541166,4.947477859701624,-104.14656022801287,0.008656578447548796
6.031890912659956,2,0.09198381483751415,0.3673179727733165,38000,0.036579589057580617,5.16813888232389,-104.15043635758892,0.00902629980955435
6.036048405044489,2,0.09681732487521487,0.3653292225244436,38000,0.01639366786289765,4.915346276003187,-104.15137018949898,0.006812768924002262
6.280224742692682,2,0.0980076721700369,0.3524738211799857,38000,0.021115970299028914,5.613074921482945,-104.15471084465675,0.005928721589848661
6.27613410626519,2,0.09816895122390235,0.353711137433733,38000,0.01821121623058736,5.670344351297763,-104.15619901947704,0.007521388451446046
6.3916666465777645,2,0.09664982360818147,0.349115247207316,38000,0.019354337815485283,5.5106095630735155,-104.16366433896188,0.009102312419674005
6.019874927487043,2,0.08994311356539386,0.3710123767787032,38000,0.03452076983170963,4.673840554987314,-104.17492475901473,0.007001962695686979
6.388464546718481,2,0.09416407578554511,0.35124895787063837,38000,0.021144685229343346,5.433104853635519,-104.17675315765315,0.00951791357156792
6.4158377065021615,2,0.09794741859205872,0.3489442541742818,38000,0.009948036900708496,5.432068528454128,-104.17828925752781,0.004459438861102139
6.298053676060831,2,0.0940378269303497,0.3559994502068255,38000,0.005837940779266329,4.746736205933365,-104.17984626625795,0.00809986938435656
6.254701126432926,2,0.09293984873072858,0.3590931292915664,38000,0.03101481931860012,5.995172260470409,-104.18065814442751,0.006330175448064034
6.263435260804589,2,0.09268310440953814,0.35984682444306937,38000,0.02209193266354307,5.280815721813127,-104.18352363042267,0.005398392264235532
6.110547451639265,2,0.09482642213762639,0.3631734678264782,38000,0.04140425320651739,6.024850591039488,-104.18504552354435,0.007753069469875255
6.4014286612451565,2,0.09425019846979228,0.3505614033378278,38000,0.02198619162752261,5.528349261324722,-104.18875705193116,0.006489146784621209
6.44230648965456,2,0.09851767345307931,0.3460948603869643,38000,0.01936189781705971,5.4002352765428565,-104.19585838066205,0.00708131197273193
6.453361222639443,2,0.09694259531349013,0.346944448768284,38000,0.02515091690849292,5.704730670607265,-104.20375388786194,0.008923896201992758
6.257238167405245,2,0.09386929420256819,0.35394032062654746,38000,0.031323973905653196,5.7333469785434055,-104.20503682847882,0.008061050974771932
5.953324744678054,2,0.0866934088686797,0.37820545784821136,38000,0.052205154422309,5.310934972806464,-104.20579339100249,0.0072978089726669975
6.27486197998487,2,0.09638182525249724,0.3550031497816157,38000,0.03224166378191496,5.017529468154842,-104.20953971590549,0.0055491040742488085
6.343739495659243,2,0.10177066616940783,0.34684314460124427,38000,0.013790543757128222,5.829011593467924,-104.21126555544426,0.0077320017877788435
6.378423673126125,2,0.09869433881450873,0.34724039134816453,38000,0.029535903735996114,5.353860326264815,-104.21226448147902,0.005636928301179188
6.080891691165919,2,0.09195187637537704,0.3642147188484943,38000,0.04711573182232965,5.869881251594361,-104.21755024656666,0.0110602439601988
6.423010046270204,2,0.09686551801860212,0.34671091161711504,38000,0.03349781896307596,5.915197278255395,-104.22331711088556,0.008139946948983847
6.186462764029225,2,0.09689895955905714,0.3571130054189476,38000,0.03826440097998344,5.093180751913654,-104.23009264814951,0.007221564807949024
6.587288403029268,2,0.10093828046343983,0.33966646891870084,38000,0.007879209920539011,5.995410724766435,-104.23059756301495,0.007429408192918258
6.633103315460347,2,0.09955062392184666,0.3373253381007894,38000,0.010514935722360943,5.4093692044102655,-104.23165272176378,0.008537560655849645
6.132877265047033,2,0.0916741553186788,0.3669080337868431,38000,0.033304538402276256,6.908253070032723,-104.234567302614,0.008141427496929109
6.592572784779891,2,0.09895455805792953,0.3380517498633492,38000,0.014986232976083064,5.219205839724629,-104.23611935585957,0.004549408140947469
5.910239796172304,2,0.08886963674007514,0.37801232072893065,38000,0.06500314066165395,5.977188423613562,-104.24298927017165,0.005837769329409441
6.708179831099887,2,0.10057352053358132,0.33154464254626576,38000,0.011905201157589201,6.160161765667268,-104.24513059470017,0.006116510221693096
6.496415498582938,2,0.09590463423806903,0.3449708958299696,38000,0.031271401538947315,6.082711551047819,-104.2465210075834,0.008535322966464401
6.004722951097359,2,0.08516956499573619,0.37797971309836154,38000,0.041559276058519466,5.438236873576535,-104.24683728702321,0.008306380725797386
6.350014180207462,2,0.09526198140786274,0.35286215765682677,38000,0.042687712922087825,5.791851917311494,-104.25719770654703,0.006432392516020074
6.5729545600970845,2,0.09787464821703017,0.3387355960520108,38000,0.029029293477039426,5.942875264973499,-104.25775178008963,0.008517077760791757
6.556397161379665,2,0.09868082740233082,0.3406958997277117,38000,0.028588930841366596,5.062535955538322,-104.27230056058134,0.007984858099184186
6.509955139145517,2,0.09981563404827391,0.3424169984906437,38000,0.03353253399507709,5.141332535591907,-104.27953462486585,0.005628630622165697
6.4364271271785505,2,0.09805344896773363,0.34697586777560896,38000,0.030661406637759507,4.798912190896002,-104.28727689617688,0.0071292254469043055
6.684276303058655,2,0.1036414949556247,0.33303212169493923,38000,0.02102818087153702,5.7097054114562376,-104.28732210367744,0.008516728172435562
6.600716136434751,2,0.10006400428795603,0.34053780486282903,38000,0.02138184398329941,6.32293777134037,-104.28791210416729,0.006041984931819273
6.44937525562907,2,0.10138594305271162,0.3427766253031051,38000,0.035695871341358806,6.128277848632958,-104.29576444038648,0.005906702585167626
6.628720417658437,2,0.099984516520781,0.33751232310455376,38000,0.03137412792480395,5.493466662016872,-104.2996123617837,0.008363214433233141
6.701160359343218,2,0.10176645907056271,0.33359331619461813,38000,0.026920455619327724,6.559114310443356,-104.30675177160684,0.00887711331201584
6.7549018610577365,2,0.101534736263138,0.3308702340266001,38000,0.0286980423513917,5.248255667454284,-104.32058127882418,0.00931138836002509
6.743682946728458,2,0.09857084062944799,0.3337328746926559,38000,0.02607626457565794,5.433525841158011,-104.32611374506686,0.010929475480836663
6.363842868190567,2,0.09923335859743448,0.35069249241795813,38000,0.04520497437612605,5.322900723889685,-104.32799301878438,0.0045479112131378676
6.771742593465816,2,0.10390265625374515,0.3298838227181839,38000,0.01944902484612412,5.092160027465182,-104.33119327498622,0.0089263591487140255
6.569241838424041,2,0.09915271214345837,0.33909396308027806,38000,0.04492797594875225,5.210971936671268,-104.3365473870281,0.007705829608330746
6.704752014118991,2,0.10101631294357806,0.3319412254596385,38000,0.0351836191180361,5.083157883415765,-104.34541424573668,0.00974302922535437
6.666088537385199,2,0.10399923026880048,0.33039564326731957,38000,0.032314942216426404,5.867888193149326,-104.36615253613927,0.006902854914415602
6.5119393316267065,2,0.0955792904646576,0.3471386453604698,38000,0.04364714989033779,5.377002651060384,-104.3665938669346,0.006936679810370081
6.589755096574664,2,0.09545602269636203,0.34221437022874174,38000,0.04425793075563292,5.214469000606626,-104.37246652933761,0.009172984037153475
6.5855554565991845,2,0.1032378268398042,0.33588463640653915,38000,0.04439919731267149,5.1779620065366245,-104.38077447128155,0.008945972795435
6.7756786055426295,2,0.10518715768024389,0.3287405644931703,38000,0.037978098563512974,5.525823425569098,-104.39046867812117,0.007456484394177522
6.223139734254698,2,0.09310265182252507,0.3617657825023251,38000,0.06259037367555297,6.860773823388762,-104.40244286354547,0.005051321770959287
7.00583121638528,2,0.10024680831855366,0.32055429465619756,38000,0.020390817649941922,5.919161752106342,-104.40356586065985,0.006904300685674914
7.173286680202423,2,0.10357826111186236,0.3138583232578713,38000,0.00877137043322919,5.556898715840207,-104.42314663120268,0.0046334713625433635
6.971587224410209,2,0.1069517665545104,0.3194133630348156,38000,0.03294985913881804,5.905384740662365,-104.4262549234079,0.009535231661374122
6.692360181122289,2,0.10258318360297443,0.3297041673438629,38000,0.051458034329931075,5.665006855055831,-104.45565778785586,0.004678256954965429
7.303334555403832,2,0.11161347996670554,0.3046442119883681,38000,0.007580297535443046,5.9315347704838635,-104.4686105077095,0.008579344209275006
7.265746344879475,2,0.1072242229080877,0.30997639830958573,38000,0.017081644581815096,5.300704516660608,-104.47887993360729,0.007601245040883751
6.830694930313065,2,0.10157182352445707,0.3324368215330795,38000,0.026953635639995876,5.836586346177659,-104.48125320842948,0.007006750292997187
7.283989064392584,2,0.11045843957814908,0.3075719559005753,38000,0.019796072349753897,5.50841620874013,-104.49904646564377,0.006998687866575077
7.216864905781254,2,0.10934576143946018,0.3092120440390224,38000,0.024901233749697767,4.972164391574025,-104.50122029824522,0.0042794515191694705
7.407496073561247,2,0.10746310769280502,0.3036890454584638,38000,0.008468028461660457,6.040575496339517,-104.50300936359734,0.006820277021296557
7.290443858754977,2,0.10795899934905763,0.30591936018617183,38000,0.031134901522910263,5.360550790510718,-104.5167304439258,0.005880081858503215
7.297665538243762,2,0.11320564780937632,0.30412720906329055,38000,0.018760517580701516,5.136869526271472,-104.52196484127091,0.010254826144642876
7.465058763143806,2,0.10856554883678927,0.30099775060841455,38000,0.013193026023643728,5.7507913468265,-104.52628685321449,0.006335116435836434
6.9276928485074745,2,0.09851114686665717,0.3260795067334245,38000,0.055471388088246115,5.390848467172301,-104.53317610035296,0.0072450780398208995
7.550757244069166,2,0.11284032198340933,0.2949247961854953,38000,0.011007858391286027,5.338057659443168,-104.53870963402537,0.00496699029662579
7.64613963804742,2,0.1138642987817966,0.29239514646667647,38000,0.004973630397220933,5.8513861058391665,-104.55146372004634,0.005616798336610433
7.462093440912931,2,0.11239197996981234,0.29988191855596,38000,0.03902660254167825,5.8845089937481525,-104.58730464801492,0.011077081387734972
7.317294515521035,2,0.1069266875611914,0.3076823236740133,38000,0.045960451923348196,6.105920584565038,-104.59191991011677,0.008531604029976837
7.61587120513985,2,0.1107380268432336,0.2962906757317957,38000,0.020461412483742274,5.616502467001381,-104.5963539684253,0.007191664057387302
7.639639989717518,2,0.1176844906711605,0.291455963542635,38000,0.008325668660163368,6.1254089315188835,-104.6008606674969,0.01181495117980249
7.519377427368699,2,0.1102783135841606,0.29789687086495237,38000,0.043685323392584026,5.77939413320115,-104.62813855256435,0.004812172223537023
7.535323273092553,2,0.11033668048149128,0.2998923568589049,38000,0.03446500506747887,5.91084280457747,-104.63591223318073,0.009047490736944497
7.783680969991216,2,0.11533703936131498,0.2879681198794493,38000,0.017879001880677273,5.705669304141147,-104.6381453098932,0.008448679872036135
7.759984545134501,2,0.11593459795885905,0.287950020998308,38000,0.02550669037575415,5.654685934195174,-104.64254404934842,0.005457086484444409
7.702261187668105,2,0.1118465165293585,0.2896052810829326,38000,0.011849739945044336,4.810832656978745,-104.6705391403065,0.0063229592638804726
7.574722334348014,2,0.1131458120272005,0.2957813086564036,38000,0.05569164797299751,6.093070440678291,-104.71615894889848,0.009119561704663631
7.882892225044086,2,0.12019831693144932,0.28355223948780656,38000,0.018175685498701154,5.0403950889755125,-104.75375697065216,0.00618438265627036
8.066470023067648,2,0.11987388495000013,0.2782989247825872,38000,0.0251606387178138,5.842359072386882,-104.75732818861557,0.005611752108093418
7.82126400346275,2,0.114899674410939,0.2861441558338877,38000,0.016978296772525703,4.508795536202055,-104.77185045612438,0.00816558358074778
7.786605067655526,2,0.11973816567492995,0.28586940923928067,38000,0.04151979386898043,6.910481782374093,-104.78820578077246,0.005951615507459927
8.065164033192216,2,0.12153118403811813,0.27897904003894797,38000,0.018126892836975855,5.7298833293061975,-104.79007410164228,0.007962296917904392
7.901416186161984,2,0.11132771012075539,0.28579217757694825,38000,0.04384257837191908,5.6583126902960545,-104.7932115310814,0.010269352471423552
8.25267778511581,2,0.12118946692596563,0.2707459106299991,38000,0.007405236190736137,5.412533727602256,-104.79671248182575,0.005502676145001293
8.062362528800579,2,0.1220328016198836,0.27691722394781787,38000,0.04236119410299106,5.675540515059344,-104.83026826021144,0.009194987940417435
8.17932536911716,2,0.12346509185628307,0.2720474807377004,38000,0.021040699725474798,5.1596613531683975,-104.8406389075066,0.0087991647420619
7.815313254723844,2,0.10767364813108465,0.2905594933193121,38000,0.0464534044514119,5.671266234218989,-104.84480968649007,0.006996247928679964
8.408517556014072,2,0.12360354123528103,0.2651788175436256,38000,0.005055994207041371,6.129578546636376,-104.86589554972402,0.008265251752447415
8.307969012924607,2,0.12006272553339441,0.2703115306476396,38000,0.03645252678835565,5.980982041031756,-104.88577297629047,0.006087790563390406
8.402576551425641,2,0.1231016184985081,0.26679329465083773,38000,0.028548987667194888,5.583131118965185,-104.88963781920793,0.006929164685940068
8.297413192592595,2,0.1247204638765079,0.2700542301777663,38000,0.026784945787593363,5.271558900328502,-104.89293718083869,0.01036861100709469
8.259781705662501,2,0.12393477715990021,0.27077708469238576,38000,0.04593666645704053,6.249252741238298,-104.90686656940099,0.008293770470037274
8.623379568185882,2,0.12449443322532688,0.2605832273407498,38000,0.014172820573482976,6.079643500741704,-104.92434563391143,0.006197087506221523
8.573804539811348,2,0.1253013594504891,0.26075928425326395,38000,0.022295284286313024,5.99836856294497,-104.92513302097353,0.004545548867699923
8.48223636111368,2,0.12945734612933327,0.26196415967697556,38000,0.021280457107844482,5.374681198722786,-104.95059101669888,0.004163845709152812
8.3013254907033,2,0.12393318864385094,0.2694217475794805,38000,0.04801336826429253,5.613416356299822,-104.95424846500454,0.01157212655325105
8.556615458014665,2,0.12517570347077828,0.26101636338532136,38000,0.022365000505689663,4.891441385096665,-104.9944698980494,0.009040074340772763
8.615930356828194,2,0.131457302179573,0.2593234741069362,38000,0.03225600116187994,6.085677250329702,-105.01161452695753,0.008816696432790525
8.630918317767962,2,0.12894458929743247,0.2604938473869284,38000,0.0353583711523461,7.294517131950114,-105.08184090408584,0.009501667339386117
8.99986449148925,2,0.132110382957281,0.24977613700317755,38000,0.03191777337632285,5.938863692977287,-105.12188569645171,0.006769017786212912
8.74156539775604,2,0.12821982935566983,0.2540086956646481,38000,0.04080757409395562,5.408533919956327,-105.12926777041606,0.00866280090657154
8.425480981106189,2,0.12332924996531144,0.27050784939639905,38000,0.047929972513036774,5.323351499503917,-105.13339846855301,0.0047160191001990705
9.082562122803102,2,0.133872663465477,0.24771950870237072,38000,0.025444523390575083,5.843527708622821,-105.14743499614896,0.011475402170341152
9.018216285812535,2,0.1296304922554357,0.24862855732185307,38000,0.048811582445893835,6.119247985313686,-105.1829094832727,0.010973326072492955
9.251861827079574,2,0.13748555793099168,0.2415965883069389,38000,0.009960094235527607,6.5452209163278114,-105.18864302624027,0.006863743072811476
9.126420526348685,2,0.1306333653947701,0.24671532746714342,38000,0.04056283969160665,5.88602184055003,-105.1987444649023,0.005729469574807005
8.829432848487736,2,0.12660137664375143,0.25498410551580225,38000,0.06751996392278739,6.208917873800091,-105.21744248995978,0.009187868011307644
8.911578032697735,2,0.12976935565868694,0.24994239997982692,38000,0.024138146786915147,4.561973140041853,-105.22468082069337,0.006381141946823138
9.10702213904505,2,0.134987326653855,0.2440185117553497,38000,0.04540121632643138,6.232017986542741,-105.25475496835324,0.0055565758589237535
9.49044490976311,2,0.13659599714800663,0.23785332316856145,38000,0.023099669580992226,6.02774680990069,-105.26760610489028,0.009182793284691114
9.332667687082061,2,0.1337911364711768,0.24214851323593464,38000,0.0380052823241113,6.421006321290699,-105.28102243605511,0.006072673256992264
9.252773676970437,2,0.1378062005479024,0.24357820061122912,38000,0.03330852992751469,5.434026104486389,-105.28575248259419,0.007382560176533222
9.376346360601293,2,0.13504980630055888,0.23857908580741807,38000,0.033073855983198036,6.32595262581118,-105.28936722164948,0.008286638978511477
9.355411568924028,2,0.1373914346884809,0.24161372929019964,38000,0.031255473597560327,5.635159540644221,-105.30514140216603,0.010790173248271176
9.458103147930583,2,0.13496595238926173,0.23825599186703217,38000,0.043167117916943804,5.547261298297381,-105.34670869563229,0.00608769686563029
9.408155338576828,2,0.1322444682544856,0.24079474049701574,38000,0.052024211470429516,6.028504323358133,-105.3678706907894,0.006624054050028635
9.59541432470226,2,0.13158569872285283,0.23762597350819534,38000,0.020341937901162212,5.8182515264455406,-105.38453697445071,0.006823734256324937
9.732430553295217,2,0.14537655266427915,0.2312015967613063,38000,0.01342220746581531,6.175264596728464,-105.40966539731316,0.007411006803809307
9.68209017191471,2,0.14894390538912172,0.228773643567522,38000,0.010517044652024432,5.680151576753938,-105.43801993796141,0.009612889240216355
9.79069284544166,2,0.14127675916856414,0.229831186208938,38000,0.03769117100288766,5.622937248864101,-105.45340433184838,0.007202162730569104
9.763895154806644,2,0.1358891811217673,0.2319483353470974,38000,0.046290515280662116,6.068430970798593,-105.47137866458584,0.00801033678783651
9.91971005800697,2,0.14553861743891305,0.2266756540055593,38000,0.031217890150124054,6.374731133571229,-105.47753469622462,0.009890543682744994
9.919586613282457,2,0.1435941930237546,0.22766174406978684,38000,0.03900342592906469,6.376652718512479,-105.49398520451564,0.009104538467370936
9.977760876930644,2,0.14671350234834044,0.2237035613721065,38000,0.008266566884983525,5.281423217928691,-105.49637925994976,0.0074390462740019855
9.882698049214232,2,0.14425076016979382,0.2288994352447007,38000,0.03611963628891427,6.095353211535699,-105.50858422009156,0.006483902361545642
10.051322971515079,2,0.14688829099639175,0.2224516233285761,38000,0.035069642746028,5.980646471199439,-105.53723377316113,0.007615757803248116
9.998617710603742,2,0.14494892319306824,0.22355702710048722,38000,0.02548957052237289,6.884017517644661,-105.53849303304297,0.008586071815716035
10.13087296043486,2,0.14285976805920378,0.22121444026164988,38000,0.033514251201128574,6.143436176485232,-105.58951112394912,0.007534577860651445
9.959636619276328,2,0.1416642911238303,0.2254439664353943,38000,0.05887324674794911,5.988424181504708,-105.62172716165169,0.00886898318530317
10.421997641464872,2,0.15011481938519,0.21477591955928496,38000,0.020150405759649163,5.595875754724302,-105.64856791310645,0.008268910707537087
9.861761107305785,2,0.1507105196164158,0.22716150788492762,38000,0.035433634300204,7.8074671103441,-105.65508437480986,0.00864480298334438
10.25808224092247,2,0.14900086855747766,0.21912437867112974,38000,0.04544813809014065,5.810408127021429,-105.67768553495436,0.009884779462330502
10.45274331475484,2,0.14293460860437032,0.21633074623803636,38000,0.02263166511989838,6.22882248074301,-105.69450968551406,0.005066672600273978
10.594809129060657,2,0.15258468264738165,0.2118619504280896,38000,0.004258175409318402,5.581106297367999,-105.69514853167854,0.005547025825201756
10.517019662701113,2,0.14697731073818646,0.21493813076591853,38000,0.027878538605498587,6.88098376303827,-105.70394534717725,0.00818620377309199
10.152765207866357,2,0.14191794227701165,0.2232793672463669,38000,0.06306498832475346,6.407307640374037,-105.70603042249674,0.005661311657610838
10.625503105483066,2,0.1561316390542923,0.21079385593981276,38000,0.011697420408804678,5.069517560476037,-105.77543389192455,0.006707668355623705
10.679990497283754,2,0.15337279480223426,0.2110839333278772,38000,0.040653666004769315,5.906663207929536,-105.81962616949966,0.00700520763291913
10.560809831893598,2,0.1515850066571573,0.21259568823692568,38000,0.05902811152876458,6.404466597316087,-105.8393131797799,0.008507648534798911
10.404410996942794,2,0.1421823767857086,0.21765941540463202,38000,0.07387662698021429,5.979625600448453,-105.85537390087612,0.009243879706562505
10.555777223471402,2,0.15111689403573175,0.213103183763698,38000,0.06402896613968173,7.050059482010262,-105.87354271693556,0.0055568754448565
10.834915385186473,2,0.16227237530945263,0.20656493175416663,38000,0.015826906017054117,5.3135717879929825,-105.87764356436205,0.007900826846193098
10.94880694155988,2,0.16535943158286343,0.20234310283858892,38000,0.030757203866894227,6.52432068387871,-106.00200519052795,0.009392044791840828
11.475972376391768,2,0.163805578745009,0.19703246384972578,38000,0.005528023927720539,6.204691322443484,-106.03790507033717,0.006154352628871423
11.48696126512064,2,0.16089561155160517,0.1961511740660181,38000,0.027718421734524303,6.019396514176973,-106.0738995964819,0.008135974255336598
11.092995818732803,2,0.14978637077367618,0.20626637235839104,38000,0.07397963133559918,6.648359308481633,-106.10984323268521,0.006506022514224109
11.232667743436487,2,0.1543209984795433,0.20195112204765403,38000,0.06593277386591326,7.023842521051409,-106.12241897485626,0.0098779366145152845
11.67223129787004,2,0.16468912552910653,0.19295472661390542,38000,0.020220044134398325,6.472373489636461,-106.1342402989337,0.0055974166156102494
11.53648695387965,2,0.16558312523687985,0.19457451389208671,38000,0.0312719286663526,6.835643477874612,-106.13574096415229,0.011693621647817542
11.503173316055715,2,0.16617969057448512,0.1958529909061276,38000,0.04512005133373943,6.2322023912851945,-106.15458510896578,0.0058014956333087495
11.788341831661546,2,0.17217338907685859,0.19000788264011845,38000,0.025515195206618987,5.484282527428402,-106.24425577420541,0.00947766909806416
12.00175184782728,2,0.17008237078259317,0.18749772286441574,38000,0.027727598913910016,6.032507609189411,-106.27620560223973,0.010455231018704042
11.551412038390026,2,0.1733653694088112,0.19406076198978053,38000,0.059118546179392176,6.968207697555582,-106.32657739856937,0.00704516761600562
12.05816682571746,2,0.17195635174303733,0.1877354910149958,38000,0.03737571892662107,6.759628040282215,-106.33407972606219,0.004812877365670633
11.943637005592644,2,0.1741457052352284,0.18825013548569894,38000,0.025705922141234645,7.660346468865434,-106.34082458062782,0.007668764504371695
12.351110229073024,2,0.17429408246347977,0.18338791804181911,38000,0.014529968673375896,5.51295909019416,-106.39951786840906,0.009788883281137696
12.232381512338833,2,0.16656628597404707,0.1852568780771985,38000,0.0450525230106554,6.174872018777777,-106.41997841996404,0.005832020346609115
12.033257669734775,2,0.17694019431790087,0.18666752598154293,38000,0.025183671515363982,5.052343987840432,-106.42633818939363,0.006581094119607781
12.270197291786523,2,0.17406578138936024,0.18388846068996348,38000,0.04234063522087089,5.632962284435935,-106.45131589098318,0.00416430196989206
12.403780476270628,2,0.17226099577286086,0.18286202285175118,38000,0.04251468119847414,6.288945833737144,-106.45732963733384,0.007815224335399466
12.326035520029258,2,0.17858130841866113,0.18274428172289295,38000,0.0364010944651679,6.445637014193607,-106.47262899690935,0.008485389482409237
12.672029688613744,2,0.18017216056859808,0.17902488625064442,38000,0.02405465259360501,6.7062499687286365,-106.55464956338005,0.008805618070226302
12.70919282435435,2,0.17562758665490885,0.1778646552661846,38000,0.008830462897022088,5.3271781817255395,-106.5683995575529,0.010302602089756566
11.941850903885836,2,0.17482158479437324,0.1896287441924244,38000,0.07824218816737931,7.41792851066257,-106.58412680533687,0.006945508252297464
12.652414245457066,2,0.17927669782565833,0.179822242061954,38000,0.04279323194137433,7.117103338365785,-106.63554199052638,0.007951383146750698
12.967815465520218,2,0.18321844948372118,0.17627786963817976,38000,0.05067131753853776,6.063144638830884,-106.80562857814343,0.008476365025393609
12.932376082513324,2,0.18708343685382972,0.1749324514614815,38000,0.055677199965334906,7.136799398639767,-106.81495214324316,0.007949439918142724
13.125404199957197,2,0.19361859458656325,0.17173923744908437,38000,0.012676810309027493,5.617391024137378,-106.83325689181038,0.0037496179138064656
13.410323874578495,2,0.18679956073812803,0.16809363796738322,38000,0.01169883710358621,7.092434688363123,-106.8504309226374,0.005957957619530722
13.324773671364124,2,0.18891182590979436,0.16925661998372732,38000,0.05782949119531696,6.387344159565821,-106.92108074570551,0.011104972980715725
13.721683114277536,2,0.18496967101571107,0.16554440764450423,38000,0.024879587479129314,6.364044264038175,-106.93303539197748,0.011576097753921148
13.705264370428953,2,0.19187685906566898,0.1650136311126012,38000,0.01624046718970439,5.787229626514817,-106.94620346149384,0.006175630364317533
13.924482580027222,2,0.18367210185499913,0.164710125588496,38000,0.014671317389127143,6.273995530553311,-107.01269602472996,0.01093955690099692
12.836592946639765,2,0.17358510365746138,0.17840957832535978,38000,0.11199785529232929,8.081899204182804,-107.01387999502151,0.011752166410326123
13.826611699685937,2,0.19335878270978,0.16282163516431408,38000,0.024785187027006755,6.941209711594202,-107.01974894866667,0.006011322307171532
13.712597862346867,2,0.19179907802988094,0.16339951169726175,38000,0.03623547775906595,6.067639853488475,-107.02583899039253,0.00819331417891184
13.835612621026954,2,0.190768787421918,0.16441793106308022,38000,0.03334267021307159,5.601620982080354,-107.03000208126687,0.009394732301485222
14.044408082112911,2,0.1932986491092151,0.16198737578418454,38000,0.005988990013029244,5.5737351531471235,-107.06656183792377,0.008475774522104464
13.920796950216191,2,0.20141486331082298,0.16132827733467311,38000,0.011822103231024138,6.093280304850954,-107.0780851451459,0.008030608689329796
14.135245778562744,2,0.20236909394096983,0.15973510823298284,38000,0.05781441454584118,6.277420354223822,-107.27372053163306,0.011643461542856417
13.685755522483918,2,0.18838124181714352,0.16823742536833122,38000,0.10157817601154105,6.834092005446919,-107.29535396530662,0.004772960764957092
14.311324783174486,2,0.19554631693191254,0.15822555233357807,38000,0.059499528306761265,5.76053097391032,-107.3030711690906,0.008310316196573736
13.992953226040443,2,0.20568798227856244,0.160581519905944,38000,0.048211331921344185,5.033707307628314,-107.3726088368585,0.00974036783367663
14.904439286267325,2,0.2039967084841191,0.1532578847784248,38000,0.026901611957963027,6.385682873885782,-107.4225250404227,0.009155866473216593
14.746570146282219,2,0.2019245512405766,0.1550396428722807,38000,0.04665177299490127,7.345394511846331,-107.4270853885071,0.008715560670637274
14.991072162765777,2,0.20555882052684205,0.151800754912859,38000,0.02775101201266413,6.340009093574366,-107.4501768012922,0.007293240638009676
14.908045803004317,2,0.19554810092305294,0.15321361368892727,38000,0.046382764959632096,6.756379676032197,-107.45598062873648,0.008027313748165068
15.22550308027774,2,0.20014904828754526,0.15065720850977862,38000,0.032725676833956656,6.07496760994973,-107.5338805019427,0.0069211715518530444
14.9996509999063,2,0.2135333356625977,0.1498911673054257,38000,0.014096415067920922,5.554354901897173,-107.55047071009228,0.008780010853002108
15.584097190170784,2,0.21498489931897358,0.14498959573836492,38000,0.018420273504561848,5.91352253659068,-107.72285390462014,0.007394546472407001
15.704525433962939,2,0.22547217299297773,0.1437482783666003,38000,0.021518388107761285,5.708469447567579,-107.85234750114645,0.010381460129046782
15.61415562190448,2,0.2156146761908802,0.14616506713540325,38000,0.05727107744185025,5.125354599290972,-107.9016767943352,0.007385290102332426
15.896031557882939,2,0.20241457363535026,0.14472382658488633,38000,0.04721202906780497,5.032423630767934,-107.90314215269576,0.008019179440704762
16.130408282907325,2,0.20699997177897725,0.14144371688475837,38000,0.06030786939285515,6.40605019609762,-107.97661127753493,0.008506785493838421
15.850559603947236,2,0.20233499447007908,0.14669219684520446,38000,0.10220625850965738,8.05491893106534,-108.01776535247134,0.00518762002197166
16.93917664770381,2,0.22031710105984373,0.13531617665905896,38000,0.059122956072379974,7.100314185838201,-108.25754852646072,0.010186470662087551
17.39330201984066,2,0.21854689827117363,0.13263073282090024,38000,0.019472576521346676,6.309884723848116,-108.3268025072005,0.012682343559618883
17.299576741327765,2,0.22241812787207324,0.13206250982770715,38000,0.057492195268463,5.375808982097548,-108.45695871594684,0.010356751858823707
17.711554972434083,2,0.23108198046585496,0.12949324710571614,38000,0.017912816222422735,6.290367205424159,-108.46085447141536,0.008954348332947596
17.506748399433782,2,0.23800391778739788,0.13092357510607092,38000,0.0366866420695021,5.323037884702162,-108.53492107835594,0.010747929288478043
18.621575444195983,2,0.23581945130546947,0.12370431451433803,38000,0.048744624083710025,5.783608895640875,-108.83436569576784,0.02405373596527545
18.582583025133097,2,0.233031885325799,0.12560268380730902,38000,0.0823176223532263,6.256506166566332,-108.91783433006296,0.022385796384832905
18.679739578299095,2,0.24244465231953244,0.1239419710782696,38000,0.03171405211141309,5.019611706457266,-108.9505257691344,0.016048051153239467
18.962889640394895,2,0.23647643422587233,0.12200392998565941,38000,0.041421265446875924,5.418271737464205,-108.95415330480306,0.019490541358904483
19.046245243605767,2,0.2335874203737032,0.12132298939101342,38000,0.02974934432433288,5.910018346644086,-109.00072857271509,0.021742687516455687
18.856982802534915,2,0.24076388134479643,0.123700477249898,38000,0.0867388966747865,6.554577982846587,-109.08074723428452,0.02522539309591678
18.964974830800305,2,0.2502719521257843,0.1219664874434477,38000,0.06551669997440641,8.626721458959697,-109.1680566755564,0.006535042649154527
19.380280798570666,2,0.24535159572954698,0.12021300902448834,38000,0.07027364776490513,6.885316568825563,-109.17713726173099,0.022487625643268304
19.049784632003917,2,0.2378329283505656,0.12079356442318809,38000,0.09478210209629119,7.9185314860898135,-109.20428252086725,0.02698802712109108
19.7052223805439,2,0.24428911259304237,0.11733189289130604,38000,0.01637987673353531,5.6250830160470136,-109.21735695462299,0.007245126000564827
18.685218074844787,2,0.25503101567895875,0.12353270839170599,38000,0.07638496142601113,5.6622426390883644,-109.2197772915762,0.02590761384030324
20.137435129223093,2,0.2592257010643786,0.11405769322406696,38000,0.03460789729390884,5.984963754253795,-109.37917445387251,0.02772510991499447
20.0200237126693,2,0.24977848381736908,0.1147557875309639,38000,0.036272091679452514,5.479048544708432,-109.39770989067287,0.014252884320577568
20.126922312259268,2,0.2462597929603869,0.11526433559451629,38000,0.06941521669823984,6.630033759506864,-109.40655040456089,0.016638389099359083
20.197406446217634,2,0.25273504080044745,0.11465164604495487,38000,0.038438952702169585,7.4767777225814145,-109.42054396815362,0.008791224095116255
19.936686684476577,2,0.2334778639813,0.1172087318407724,38000,0.08508489191035883,5.378219088917025,-109.50155659627082,0.017129252022428616
20.178369430514095,2,0.2591055633384009,0.1152718339204684,38000,0.07529084139906624,6.450845712604577,-109.50715317390568,0.02057645263407931
20.543670367545843,2,0.2514421888848454,0.1133351355069726,38000,0.04399893518893201,6.869150324735314,-109.53211512405957,0.019393981754121107
20.62059726237801,2,0.26147592059606106,0.11318095949722641,38000,0.0448357882380961,6.114318973320706,-109.5703311543708,0.027749109662527992
20.61096256202709,2,0.25753730257006535,0.11242397593492792,38000,0.012976641635286288,5.345897238821356,-109.5715929911501,0.004579263502972851
20.446767501019696,2,0.2681225530778431,0.11318867335015496,38000,0.055108127810273515,6.446952197671725,-109.6012741291812,0.009667182261844067
20.19838062533048,2,0.2746337207811249,0.11262520011114228,38000,0.0668279923908605,7.1900840440058635,-109.65186687683743,0.011341378813593638
20.7014083096988,2,0.240306571413006,0.11438932243411395,38000,0.07299577870132183,6.395430172132018,-109.65709190119645,0.011475387956709736
20.059981561793958,2,0.2633916702762742,0.11575341207416119,38000,0.05263546781575739,4.784866673487115,-109.65815454090438,0.012530099094863672
20.445966827606544,2,0.24691142061924246,0.11376795326307497,38000,0.07635781530980439,4.959991505348018,-109.68867011349082,0.028652282672037534
20.791667976535695,2,0.26257951064403645,0.10988923101474705,38000,0.05655043329453174,5.488517117807052,-109.76175205299846,0.007287159097092269
20.992194393093467,2,0.28401334608244805,0.10907671490198582,38000,0.04648561268216942,7.372363944990284,-109.88668851864601,0.030605977580967343
21.22708618793173,2,0.2455146997878401,0.11210480684076278,38000,0.10193344569602598,5.493666647065775,-109.970911718187,0.02111062549403607
21.26323368949114,2,0.2729947157807297,0.10805773529797269,38000,0.10360819290849209,6.234116664846729,-110.07889335413232,0.012349509832193297
22.312243045396258,2,0.25020706880677235,0.10632653203898791,38000,0.0980548338709055,8.297091070120882,-110.29520147990422,0.01022618832946701
23.24677248482852,2,0.2829468897561389,0.10009511606478526,38000,0.035294882381393555,7.3000423861830415,-110.472022196684,0.009503203792284769
22.217593468630845,2,0.3025880319393855,0.10122273916633329,38000,0.058790144928480365,8.278613333742358,-110.554996002703,0.008586800659365982
23.899814416291434,2,0.2915787136717947,0.09746039865876426,38000,0.1351006137217616,9.298994957403927,-111.06490250881936,0.011893579243740576
24.80699529628159,2,0.30098160189061096,0.09393618841888347,38000,0.07428717130039279,5.71546238760417,-111.11658033562878,0.012613092317564235
25.837594086130682,2,0.3059436176166644,0.09067741176424023,38000,0.06984984098617562,5.324732022749677,-111.4496549817589,0.012371296017771968
27.22198853475139,2,0.3136603762110845,0.08659432341315706,38000,0.08631743179944934,6.609748698811337,-111.8253115984791,0.008642133796177266
27.91198543686208,2,0.31337705804159266,0.0843015135706468,38000,0.043488039694873096,6.976864988099926,-112.0120317063033,0.008190001253483726
27.099214929531644,2,0.3252775939316724,0.08423275666220872,38000,0.007893042937235086,7.483030324924634,-112.01658553458522,0.014492831102929746
28.806427306192845,2,0.32770182286023447,0.08233459094567536,38000,0.0743254471369824,6.045051257523834,-112.30645818756219,0.017273931301553077
28.94681913135707,2,0.33450623670081364,0.08159692779630907,38000,0.011011130918613308,6.951215990926549,-112.33173712352986,0.012502202267295894
30.638360103074188,2,0.3400147616625251,0.07756951520483824,38000,0.11456807300802,8.611813971094078,-112.95485396227458,0.011977407779841838
31.010649172735707,2,0.3491246825707756,0.07643360880751177,38000,0.0497972711400778,6.117810397981992,-112.98553479234242,0.01043703390515246
34.03045786228774,2,0.38824423256346186,0.06916587591890962,38000,0.017603357648887413,6.065625240925325,-113.94768516966833,0.015297156373636442
33.855484407377105,2,0.3742064196293695,0.06984322114928847,38000,0.05294144734254577,4.576816618180119,-114.0039971702732,0.012346118885709556
35.10593908768082,2,0.40443424855494625,0.06714364037140175,38000,0.04220888006835302,7.261549248777056,-114.31724862991504,0.01499958501729191
36.15578585654665,2,0.4120354127140269,0.06494938695620611,38000,0.06284712386069066,8.105676616924372,-114.71133349869308,0.01734500734943984
40.51136873904217,2,0.38594268200379683,0.06128166374394705,38000,0.06000829816990285,8.18301730183096,-115.77144789808658,0.018083263641462156
40.88079650425378,2,0.49780404488672864,0.056296229044432315,38000,0.007468937955205851,6.125092289832892,-116.4437738478176,0.022131462084794606
45.305815722589756,2,0.49563226319082043,0.05209422118207169,38000,0.03246523078447901,3.9131955679250683,-117.46828660552217,0.01690886404392576
47.58307100516759,2,0.46792687402827426,0.05123567075194986,38000,0.1075121849360935,8.905718250939481,-117.48168287204358,0.014258021977470687
52.78159304606793,2,0.49425719978697924,0.04817943016305978,38000,0.06578149468397283,7.887751999400327,-118.84238895092298,0.014786214855072446
55.494289646818366,2,0.6115449501051136,0.04323341861322737,38000,0.14628845104897287,3.6535295008428292,-120.50762084895406,0.019991990507131765
63.594512880031886,2,0.599447853696219,0.03903508447751826,38000,0.10557722024093405,8.439644841738012,-121.19049654908831,0.02750177617236623
74.12427885950522,2,0.5747225063369893,0.03552284121169984,38000,0.2772234029429352,7.0946496366999225,-122.71140028635226,0.017307203649782305
76.46660690239116,2,0.7120245691076956,0.032045729719387996,38000,0.024731855931552225,4.219644942795817,-123.94907566069433,0.022660721275765867
77.33559829431128,2,0.7674771293991909,0.029827904889972803,38000,0.08692828824915169,2.0828885714231067,-125.5593819438856,0.020614661179415215
86.71010727078321,2,0.7973638303452691,0.027854619387423174,38000,0.01910414346241709,2.5365928089625847,-126.22997690670047,0.017053437351102426
89.44872088000821,2,0.6594790338840258,0.026834215447539993,38000,0.013361404140658352,2.9847907035315773,-127.00526419214769,0.013687341550012326
98.06977735775902,2,0.9169030503828969,0.0244712533470864,38000,0.22366878997677728,4.411964147762916,-128.545727166846,0.01616228888771382
109.43713300832952,2,0.8954816085990525,0.022896927454482362,38000,0.02564896792127416,1.3093749346830938,-130.00237451391908,0.023234099050365616
119.42618674631282,2,0.8428669148445225,0.021726438601007623,38000,0.050407505431909624,2.5509152276861924,-130.222337906835,0.03096860417392565
130.44824419060134,2,0.8969297839199624,0.01906663294247444,38000,0.07377363347202665,1.371818958546893,-132.2184554388121,0.012175311087197962
139.16157530539957,2,0.8327766341853874,0.01869900016063505,38000,0.12208596613795387,2.058491584858809,-132.72009911789604,0.024062907743045186
136.02945409116592,2,0.9062305276927689,0.018266932025050874,38000,0.017575925545975746,1.7631117128243938,-132.80686178059122,0.030141259089717567
188.57160996802702,2,0.8902045252428372,0.014064252660678057,38000,0.07782393088689754,0.9505510758623332,-138.5820842181688,0.023828049749074338
20,2,0.5,0.1,38000,0.1,0.1,-147.58396381779133,0.01533596833920561
320.94087287239086,2,0.9368299283709346,0.008450390745480155,38000,0.1259794415323762,0.42270840858683645,-152.23192509196923,0.03838991198960891
818.3723796330536,2,0.6546894544209853,0.003489268909869211,38000,0.22626213292270142,0.30746188547909065,-199.80547200391754,0.8454381677669525
