"model","district","r.squared","IP","short","long","fatality","R0","loglik","loglik.sd","nfail.max","nfail.min","init.pop","gamma","rho","eps","delta","clin","deltaI","alpha","beta.trend","log.beta1","log.beta2","log.beta3","log.beta4","log.beta5","log.beta6","sd.beta","tau","S.0","I.0","Rs.0","R1.0","R2.0","R3.0","batch","omega","ndata","dof","aic.c","phage.t","phage.r","Phi.0","omega1","omega2","omega3","omega4","omega5","omega6"
"sirs","Bakergange",0.85519809119351,4.65782351159364,Inf,0.0271765295516458,0.00246744196204879,1.34969504352673,-3663.16826616231,0.50368797198439,0,0,2153965,11.1640125201327,0,36.7964569611295,0.02,1,0.0276641615092073,1,-0.00508278962507059,0.0663497794633525,7.07005324095621,-8.5637800265701,1.90437966801717,2.06305460578954,5.25148310975458,2.62618985877581,0.328383607133203,0.712088654427586,0.218102567524701,0,0.0568310776017671,0.00914035679580978,0.00383734365013486,NA,0.00700836912366135,600,17,7361.38807871637,NA,NA,NA,NA,NA,NA,NA,NA,NA
"sirs","Bankura",0.567618575829592,7.12931922936019,Inf,0.264239329802318,0.00254174865141856,1.45415670517602,-3038.96144387173,0.369392530643641,0,0,1069668,7.29382404225244,0,3.78444798792109,0.02,1,0.0186372736613025,1,-0.00315424539952219,3.0108067178668,3.1136303121807,0.654721742686321,4.91355133602664,-2.55224562920031,2.59724356354923,3.70946271154148,0.476957241805264,0.961557905883104,0.0281463022133369,0,0.00406754634231558,0.00489699234162457,0.00133125321961617,NA,0.0297318030403488,600,17,6112.97443413521,NA,NA,NA,NA,NA,NA,NA,NA,NA
"sirs","Birbhum",0.491747780612282,5.76802151896708,Inf,0.0743704186185403,0.0072305640853162,1.52408107131205,-3082.40124970425,0.338397487396561,0,0,797833,9.0152229545274,0,13.4462064161449,0.02,1,0.0658055699888051,1,-0.00510802306466466,1.71821465125283,3.75318826087186,0.582579962343193,4.35534443299195,0.360180794982584,4.39222361283814,3.99807154604012,0.525469454033069,0.385047974686601,0.00589598997708909,0,0.0696491731968808,0.472764472130887,0.0666423900085458,NA,0.00728510715164492,600,17,6199.85404580025,NA,NA,NA,NA,NA,NA,NA,NA,NA
"sirs","Bogra",0.545333763480391,3.69636230074787,Inf,0.429340643469614,0.00309709137965207,1.96530280188334,-2849.17585716124,4.35826600478346,0,0,817494,14.0678850635066,0,2.32915288876156,0.02,1,0.0437670178413852,1,-0.0065600786275209,2.3022936400061,4.74522402051659,1.91951201457376,3.4215721793142,3.86026466323454,3.29298800057591,4.90958340707239,0.65592188331863,0.698545582310334,0.0318826885649317,0,0.0299239223597412,0.0700969784735383,0.169550828291453,NA,3.67474368365242e-05,600,17,5733.40326071423,NA,NA,NA,NA,NA,NA,NA,NA,NA
"sirs","Burdwan",0.58421642449928,10.4779811716968,Inf,0.161047086542498,0.00858069913243361,1.48476569540881,-3412.43034667823,0.865064389065447,0,0,1391880,4.96278807414379,0,6.2093641149858,0.02,1,0.0431258552940129,1,-0.00879923108788587,1.70486798312635,4.70119086260311,-5.95034222960837,1.64845746290692,1.57665407333693,3.00465854428164,3.4683294117601,0.38044438988199,0.980619371045214,0.0125038706357197,0,0.000345178699916677,0.00543860601141619,0.00109297360774143,NA,0.0178366699868782,600,17,6859.91223974821,NA,NA,NA,NA,NA,NA,NA,NA,NA
"sirs","Calcutta",0.75903003102852,3.24959357342269,Inf,0.0193687687223121,0.00176723812466788,1.21538100635111,-3041.72557423346,0.452066290484451,0,0,681560,16.0020011195523,0,51.6295080155527,0.02,1,0.0283648186007749,1,-0.00472923073096656,2.99828628668112,3.80903214480169,2.07247584324269,2.17945468367734,3.28799528396478,3.06083842505894,2.13513338951924,0.229443847638355,0.357473634141505,0.0339781701583039,0,0.064057522773205,0.498639288378065,0.0458513845489225,NA,0.0306458587950914,576,17,6118.54792266047,NA,NA,NA,NA,NA,NA,NA,NA,NA
"sirs","Chittatong",0.709286655987888,10.6116497211501,Inf,0.242296095713454,0.0086717186341096,1.5277726364157,-3255.00405445111,5.59439529106613,0,0,1290167,4.90027482685929,0,4.12718164960704,0.02,1,0.0430404737795108,1,-0.0107139045705531,-0.764220703760703,4.8447112223532,-0.451815147922596,0.953965203114436,0.716988960143283,4.58277926876453,2.99428284421002,0.418365726144418,0.97839867509171,0.0189837905112367,0,0.000656169945752414,0.00190567977142547,5.56846798753949e-05,NA,0.00280780904074311,600,17,6545.05965529397,NA,NA,NA,NA,NA,NA,NA,NA,NA
"sirs","Dacca",0.848930369065502,2.99980952137514,Inf,0.102212309961833,0.00325200415665343,1.27791684319736,-3793.39958670724,0.258503037128463,0,0,2420656,17.3344339463803,0,9.78355738534238,0.02,1,0.0566208224800543,1,-0.00500600146395291,1.19411069049134,6.15671360035004,-3.37863880932049,3.88004953518584,3.20158032259275,4.3464836045808,3.17945552651577,0.246561239129173,0.661014785622908,0.335282389261998,0,3.47653337494655e-05,0.00361655944873105,5.15003326116479e-05,NA,0.00861650564005157,600,17,7621.85071980623,NA,NA,NA,NA,NA,NA,NA,NA,NA
"sirs","Dinapur",0.501437469506924,4.23142279629312,Inf,0.283404117243311,0.0017142869074954,1.63913913249798,-2946.18922725597,0.144991002532757,0,0,1555835,12.2890106953042,0,3.52853024764446,0.02,1,0.0211374114669168,1,-0.00505943132499611,1.86314708983223,4.21057628596655,2.3107315858468,1.82330283240545,3.62991618686603,3.61044206834847,4.32496339903219,0.629983834741163,0.857903640554868,0.0388135375695114,0,0.0171999758731141,0.0330770301947811,0.0530058158077176,NA,0.00361007097693894,600,17,5927.43000090369,NA,NA,NA,NA,NA,NA,NA,NA,NA
"sirs","Faridpur",0.785222917801307,2.69611341885655,Inf,0.160516924378931,0.00340586099945368,1.30554753853976,-3661.84826961078,0.18638541950271,0,0,1797320,19.2870224361903,0,6.22987266837549,0.02,1,0.0659817594321229,1,-0.00300818088141135,1.41765281919587,6.4539745183267,-3.57822314718949,4.33385921979383,3.04345801347255,4.45812860279139,3.41314793955445,0.39177433229,0.467229491837549,0.486236834866423,0,0.0254943845378539,0.0209495389605981,8.9749797575522e-05,NA,0.00695433764023971,600,17,7358.74808561331,NA,NA,NA,NA,NA,NA,NA,NA,NA
"sirs","Hooghly",0.57548569924314,7.33607768104331,Inf,0.0994596958789889,0.00273252451478669,1.08663900584059,-3248.58255874645,0.254620647408128,0,0,1076710,7.0882564581302,0,10.0543239265148,0.02,1,0.0194767056047638,1,-0.00897570912323798,0.518862693195809,5.79533742603176,-6.59969589396328,1.12656246391112,2.15868078478631,3.2690457967129,3.03848224971202,0.345768603300072,0.362711171209269,0.108009694726914,0,0.0506072161486396,0.475914258583094,0.00275765933208043,NA,0.100814811941059,600,17,6532.21666388465,NA,NA,NA,NA,NA,NA,NA,NA,NA
"sirs","Howrath",0.768571147111706,6.7501534471914,Inf,0.156169727520974,0.00530601241873428,1.32996304729695,-3372.05331207449,0.344265250301311,0,0,721211,7.703528580026,0,6.40328965077881,0.02,1,0.0411997449202627,1,-0.00405519866591081,2.25251424228269,3.4453510777933,-0.68191687170896,1.9019004867116,2.49560998536172,3.09493789466742,2.34103523848247,0.197686595696006,0.814824250161422,0.179135631119449,0,0.00166402049284226,0.00410056839230771,0.000275529833977887,NA,0.0240562434851683,600,17,6779.15817054073,NA,NA,NA,NA,NA,NA,NA,NA,NA
"sirs","Jaipaguri",0.59236283094575,2.27015625761942,Inf,0.291956304776856,0.00451153723092528,1.41245862919043,-2391.13769213715,0.455254645717523,0,0,681352,22.9059122364244,0,3.42517008072255,0.02,1,0.103899854670186,1,-0.00184701161615312,3.08204046158014,4.30653625697045,3.24465232353825,3.28215285782356,3.56686961985942,3.28503772188048,4.02121220495915,0.685888916705766,0.963939390535928,0.00222730456274705,0,0.00512836048459448,0.0204695208826506,0.00823542353408416,NA,8.05538056394751e-05,600,17,4817.32693066605,NA,NA,NA,NA,NA,NA,NA,NA,NA
"sirs","Jessore",0.750240095035952,3.30118241614612,Inf,0.0831318483841988,0.00225881859209912,1.56569959150444,-3500.9155942972,0.304363722041934,0,0,1888827,15.7519317156384,0,12.0290841529042,0.02,1,0.0357065872958461,1,-0.00346825134845973,1.48879306964068,5.58216771200147,-1.16847917225945,3.37481141385933,3.3500178528673,4.5721762932418,4.11741847698622,0.386200205032636,0.70936523726799,0.281490024059969,0,0.0010097677808747,0.00800371882868997,0.000131252062479314,NA,0.00559298441598871,600,17,7036.88273498615,NA,NA,NA,NA,NA,NA,NA,NA,NA
"sirs","Khulna",0.721862149215863,6.48968702280616,Inf,0.0309457432528506,0.0029603066529317,1.3998200604872,-3508.83538962151,0.281648398446306,0,0,1177652,8.01271306570884,0,32.3146221381477,0.02,1,0.0238498969380868,1,-0.00696500726353255,-1.10116383903905,6.69589833768381,-6.54364240302895,1.44205157796679,2.76785089263221,4.57732113069926,2.5694734906093,0.361796924552582,0.732667293758249,0.264732209683525,0,0.000753939249411907,5.85373860080072e-05,0.00178801992280118,NA,0.0131514306758689,600,17,7052.72232563477,NA,NA,NA,NA,NA,NA,NA,NA,NA
"sirs","Malda",0.589328768867831,2.03615728183098,Inf,0.320571337669347,0.00349699898282599,1.72572575642729,-2903.35616949083,0.66135762930486,0,0,814919,25.5383022048472,0,3.11943047457177,0.02,1,0.0896910061704569,1,-0.00228568371924307,2.78043880929396,4.76235242796583,3.01221967182769,3.5643630578286,4.31136723038789,4.06302136530801,5.18970086783718,0.62325243902222,0.518236370989993,0.0610595923485394,0,0.0940794087816887,0.195311866166498,0.131312761713281,NA,1.7667374309334e-05,600,17,5841.76388537341,NA,NA,NA,NA,NA,NA,NA,NA,NA
"sirs","Midnapore",0.670050640925371,9.6005016367516,Inf,0.0461137984893257,0.00262553551310151,1.31966534123949,-3881.50932948584,0.208421406147718,0,0,2631516,5.41638363988599,0,21.6854831473377,0.02,1,0.0143109923279495,1,-0.0100321153771266,2.03689829783515,2.76459659599056,-2.89382507003188,1.98774662821798,1.38860277357807,3.42206642657066,2.9286329934226,0.284714815363947,0.833234940319837,0.158283664205737,0,0.000531870308444528,0.0074808016265629,0.000468723539420869,NA,0.0997604716672206,600,17,7798.07020536343,NA,NA,NA,NA,NA,NA,NA,NA,NA
"sirs","Moshidabad",0.623694657769217,4.59566468044636,Inf,0.16965904762688,0.00312246238019468,1.6931012438271,-3400.70562360857,0.306204753025735,0,0,1250946,11.3150117808311,0,5.8941743101095,0.02,1,0.0355040077933897,1,-0.00488886792724159,1.8860878388139,4.59280146123018,0.224394063170331,3.77774253370635,3.02784384622477,3.51284313724429,4.40489929881785,0.410466899077429,0.672308078794305,0.0171279935294264,0,0.0877152923115659,0.091314399939455,0.131534235425243,NA,0.00838164397915866,600,17,6836.4627936089,NA,NA,NA,NA,NA,NA,NA,NA,NA
"sirs","Mymensing",0.803460484740623,3.00425998049477,Inf,0.109213390038832,0.00394644791465563,1.36383050719825,-3989.66197369149,0.514402974214934,0,0,3472186,17.3087550137509,0,9.15638640687228,0.02,1,0.068657984246349,1,-0.00263837495824886,1.6685158686958,4.87619932696839,0.850981857109751,3.01594894509939,3.74398449239155,3.91776191557884,3.00085626651204,0.284610656633484,0.882646377928555,0.113600056876851,0,0.000152268119635213,0.00337618118093458,0.000225115894024074,NA,0.000243971435715663,600,17,8014.37549377473,NA,NA,NA,NA,NA,NA,NA,NA,NA
"sirs","Nadia",0.732195129935085,4.27737018668069,Inf,0.0365301342164471,0.00264828273145553,1.63293587493373,-3403.29577233666,0.404922370389317,0,0,1644108,12.157002487632,0,27.3746598924284,0.02,1,0.032333774385234,1,-0.00725461331397481,1.17994110513385,5.89588838972224,-2.45842834214648,1.98185289614809,4.16722798025579,3.65327767195943,4.14908738938743,0.466167665523228,0.691069373510586,0.290131826560878,0,0.00384251164659339,0.014806671077956,0.000149617203982932,NA,0.00446087006831253,600,17,6841.64309106507,NA,NA,NA,NA,NA,NA,NA,NA,NA
"sirs","Noakhali",0.69458421305185,8.61218806400457,Inf,0.390651104889635,0.00530935313604878,1.8035865984966,-3476.96942804047,0.505801487505004,0,0,1009693,6.0379545376324,0,2.55982893042762,0.02,1,0.0323355005134764,1,-0.00678407504724564,-1.37855224467341,6.99118587055799,-6.72292170113101,3.30817412966112,1.64176466988902,5.00941932806412,3.8836824565453,0.388373366523702,0.926060764497412,0.068558034792087,0,0.000792224482147158,0.000468128890414094,0.0041208473379292,NA,0.00687183230364764,600,17,6988.9904024727,NA,NA,NA,NA,NA,NA,NA,NA,NA
"sirs","Pabna",0.694082584181438,2.25619872023449,Inf,0.268230402626894,0.00442075760548142,1.47769635486608,-3288.26793376025,0.438116894911136,0,0,1362392,23.0476152360354,0,3.72813816109799,0.02,1,0.102429149938637,1,-0.00185709109423321,2.06619812240673,5.6700146811464,0.589619222552212,4.07752396733607,3.96802136969849,3.81756535334367,4.02263777926153,0.513659505289452,0.760165457667395,0.087621344520447,0,0.00374788363315851,0.148448038925669,1.72752533283613e-05,NA,7.36454209606123e-05,600,17,6611.58741391225,NA,NA,NA,NA,NA,NA,NA,NA,NA
"sirs","Rangpur",0.63320366321229,3.53415959544033,Inf,0.538995202447976,0.00474803400326574,1.52347632536996,-3269.01535001191,1.59899282467937,0,0,2065464,14.7135404035202,0,1.85530408333555,0.02,1,0.070289085793811,1,-0.00658969622488418,1.21997432934875,5.28814577048548,0.843805382458252,3.36994388758502,3.53794698315562,3.58220477101879,4.09287292339072,0.622779247345583,0.915589686044105,0.0167851877078507,0,0.0082597162764772,0.0111099908068744,0.0482554191646894,NA,0.000638476748946493,600,17,6573.08224641557,NA,NA,NA,NA,NA,NA,NA,NA,NA
"sirs","Rashashi",0.694341907638672,3.12524843653442,Inf,0.188464763084459,0.00335261390855214,1.48227400034169,-3301.85853974127,0.237182123505332,0,0,1313336,16.6386772303013,0,5.30603166148283,0.02,1,0.0560379867140538,1,-0.00573047751407946,1.59196039307018,5.26639815840245,0.697279395087471,3.16295098802169,3.4556221005398,4.12837048856918,4.11541037407051,0.481760428501281,0.280553158043319,0.120469629873752,0,0.259999769569475,0.20991275063864,0.129064691874813,NA,0.0031297315320224,600,17,6638.76862587429,NA,NA,NA,NA,NA,NA,NA,NA,NA
"sirs","Tipperary",0.763337041748908,4.5545922253033,Inf,0.0419216669385144,0.00150686515805335,1.50386965802002,-3647.76733560754,0.541495989489933,0,0,1782935,11.4170484266651,0,23.8540132830758,0.02,1,0.0172600984260532,1,-0.0046761373770961,1.52509734200482,4.84960775359145,-2.4896694487745,3.31638274275272,2.75264556776629,4.42227197644739,3.11525312064981,0.404692874099272,0.495217284774899,0.504294155239627,0,0.000296591873955329,4.8776133458748e-05,0.000143191978059615,NA,0.00451586412868543,600,17,7330.58621760683,NA,NA,NA,NA,NA,NA,NA,NA,NA
"sirs","X24.Parganas",0.844225913780727,8.22750681994432,Inf,0.0648847754404803,0.00540927193756469,1.35472070201713,-3777.82256222544,0.609240248604199,0,0,1758103,6.32026215693273,0,15.4119359003918,0.02,1,0.0344827286185465,1,-0.00604575136264446,0.754702465469161,4.49974152665757,-6.72336144102447,1.81585136213947,1.32024816129676,4.62188366222814,2.49061830656952,0.15550818739494,0.491175200889093,0.249119605152187,0,0.00159690412231534,0.256086625173862,0.00202166466253983,NA,0.0213106841730616,600,17,7590.69667084263,NA,NA,NA,NA,NA,NA,NA,NA,NA
"twopath","Bakergange",0.857216022554774,7.35219947348115,6.09528615111107,1.9185404278679,0.278665130153928,1.37858568187716,-3656.25201018692,0.408342010630583,0,0,2153965,7.07271343596705,8.53118273873349,0.521229568829735,0.0199999999999999,0.0088075594318502,2.74004764694107,1,-0.00484693503696367,4.00506525285479,13.1738168804484,-10.7079857748605,2.75023991901542,6.8183301181805,10.1868921991784,308.333868134471,0.311322180686953,0.0442875201224253,0.00240781728023337,0.934072314048884,0.00701397360032443,0.0119185065101721,0.000299868437956549,NA,0.0115006805156886,600,20,7353.95479757591,NA,NA,NA,NA,NA,NA,NA,NA,NA
"twopath","Bankura",0.556431283785901,4.71260602108037,11.5994323585253,3.00912943604007,0.184096436842009,1.40955538732928,-3036.76418624386,0.512581843680844,0,0,1069668,11.0342345121562,4.48297799346891,0.332322029096884,0.0199999999999999,0.0107127515845629,2.49422269689224,1,-0.00453713634047978,7.93925297006655,7.68872382027553,6.85469274330693,8.37885033748913,6.1210952107277,7.59405510989317,334.779966009826,0.466432848886228,0.90712178477247,0.000206269975384396,0.0449741263327396,0.0066291971976099,0.0227645011568856,0.0183041205649044,NA,0.0098987497175488,600,20,6114.97914968979,NA,NA,NA,NA,NA,NA,NA,NA,NA
"twopath","Birbhum",0.492262172072414,40.313230214875,9.73560744726308,2.0256105481547,0.830482520015592,1.60620575729989,-3086.77250187364,0.35388410783147,0,0,797833,1.28989911557156,5.34121782145381,0.493678313884663,0.0199999999999999,0.0078720148261051,6.41732238212912,1,-0.00521048239258707,6.12360978669348,9.0502662201874,4.45156133208431,9.6085139995481,4.54818668137863,9.420647421317,539.682532722317,0.528811173103654,0.892955953969156,5.38499405089212e-05,0.0526331334061901,0.0081819031959008,0.0148969569556624,0.0312782025325855,NA,0.0128172190009917,600,20,6214.99578094935,NA,NA,NA,NA,NA,NA,NA,NA,NA
"twopath","Bogra",0.521578287713993,2.4099221934008,20.1894248886142,2.34055005278241,0.0110099036713606,2.30297782205729,-2837.46264265527,1.40004368344043,0,0,817494,21.5774601115314,2.57560580783682,0.427249995705588,0.0199999999999999,0.239963219110964,0.240433100651593,1,-0.00741190450114167,4.48596821509923,6.45171097021327,4.34420068252969,5.3730745721975,5.69781446552332,5.4992046990133,27.6631920794834,0.653193983559637,0.67200692571557,0.0102621999514756,0.145435403806025,0.00161234754303219,0.104581424233711,0.066101698750183,NA,1.8548530080824e-05,600,20,5716.37606251261,NA,NA,NA,NA,NA,NA,NA,NA,NA
"twopath","Burdwan",0.580005923522503,28.9407683254334,12.1102779590762,0.958171674058903,0.694762322216424,1.43630845829909,-3415.60847129708,0.919555042153487,0,0,1391880,1.79677330661266,4.29387336737619,1.04365431276413,0.0199999999999999,0.00788034058164468,4.1352222655094,1,-0.0096783014761534,6.2827884053078,9.72732667900664,0.122113127023104,8.13295450448027,5.59527427321464,8.46618787454053,448.599233671787,0.388050584217939,0.791443822685505,0.000182191107315593,0.0816441700993183,0.0190366792712766,0.0948144492492904,0.0128786875872911,NA,0.0297314405014439,600,20,6872.66771979623,NA,NA,NA,NA,NA,NA,NA,NA,NA
"twopath","Calcutta",0.761620975166847,4.58250699728674,9.34512269516343,1.38925269671806,0.290823931747013,1.27263552302872,-3035.40200640416,0.356399642724702,0,0,681560,11.3475004033357,5.56439992242291,0.719811451410084,0.0199999999999999,0.0104047512027561,4.66166486635377,1,-0.00572728468652232,7.62236647973395,8.33226262334028,6.74486499205618,6.87912475045342,7.92834551797231,7.63292420650938,201.855519465029,0.227628073275922,0.601715118144706,0.00022062815447281,0.0122846577783931,0.0774680720347692,0.0658258003290607,0.242485723558606,NA,0.0129396451132918,576,20,6112.31752632183,NA,NA,NA,NA,NA,NA,NA,NA,NA
"twopath","Chittatong",0.71328609154972,6.20094871639186,11.1259084108856,1.67931691877023,0.301453712010432,1.42912965595744,-3248.50316738689,2.59106652474634,0,0,1290167,8.38581358728882,4.67377566663441,0.595480215093828,0.0199999999999999,0.011296315191458,3.62748145960198,1,-0.00682967665707639,5.96751674760766,8.8598816343064,6.17636113624436,7.50004264391726,6.1765886370499,8.83732786235921,288.722923322105,0.439624432760497,0.0914740372567106,0.000271511441798493,0.789541256346239,0.0310088154883653,0.0460648917405769,0.0416394877263071,NA,0.00419369900342012,600,20,6538.45711197585,NA,NA,NA,NA,NA,NA,NA,NA,NA
"twopath","Dacca",0.851565757624652,6.4821389283703,7.30729452492282,1.51033267197903,0.534604730101625,1.29387794516084,-3784.66207521615,0.34409662841175,0,0,2420656,8.02204342958652,7.11617683160913,0.662105785402677,0.0199999999999999,0.00511580845265101,9.23798485979126,1,-0.00675019708020379,6.52806748216005,11.4186429894924,2.07936505735659,8.98460007099201,8.59270817267328,9.52862677555717,639.587564803462,0.23349374871441,0.235089230735954,0.00223962986600789,0.312815981661156,0.246946116560056,0.0642931506222402,0.138615890554587,NA,0.0108828526388837,600,20,7610.77492763437,NA,NA,NA,NA,NA,NA,NA,NA,NA
"twopath","Dinapur",0.508477730965749,11.9913466773773,17.6017389898772,1.38528461514279,0.230319810284903,1.8682220813758,-2945.83430561213,0.432412721264381,0,0,1555835,4.33646039923961,2.95425355585066,0.721873316911793,0.0199999999999999,0.00574094489106615,1.30363123031394,1,-0.0104572145990853,4.23215719660274,10.6988276910921,4.21311535231225,4.39956780122252,8.8664970878277,8.7131527137673,694.118951251505,0.628744513417696,0.244531316113877,0.0143364436084389,0.529447918064922,0.0555624148264017,0.0479590965896755,0.108162810796688,NA,0.00972353767214394,600,20,5933.11938842633,NA,NA,NA,NA,NA,NA,NA,NA,NA
"twopath","Faridpur",0.782737723388054,4.86511038599446,7.34339607189672,1.53163488447541,0.447153154174867,1.34062957650261,-3660.0357933581,0.297972395873783,0,0,1797320,10.6883494667862,7.08119233810699,0.65289711675802,0.0199999999999999,0.00561241176169038,8.6611188545964,1,-0.0035947991748489,6.7071211408231,11.4468358971504,2.30210213470684,9.52020558816625,8.31885444782844,9.56787849788262,594.903177964604,0.384690423201572,0.230455438679895,0.00290453632810116,0.458831020537408,0.0933300486000143,0.110906267568775,0.10357268828581,NA,0.00664316413548514,600,20,7361.52236391827,NA,NA,NA,NA,NA,NA,NA,NA,NA
"twopath","Hooghly",0.57266562246504,16.0690006565686,10.2450005210045,1.26904508843012,0.575053340207573,1.10621032265762,-3251.91595939934,0.392027221106295,0,0,1076710,3.23604442562168,5.0756463987863,0.787994066654522,0.0199999999999999,0.00397282910028554,4.40619823610946,1,-0.0093969923636577,6.67261471752106,10.6798531892741,1.24482190226937,6.71659107184572,7.9446757711051,8.5307436216497,757.200523657155,0.354661901002773,0.474204538922436,0.00048376666350979,0.286270983398555,0.0326381437172169,0.0365329539344905,0.169869613363787,NA,0.104063948142971,600,20,6545.28269600075,NA,NA,NA,NA,NA,NA,NA,NA,NA
"twopath","Howrath",0.77099528057833,4.65662388818363,9.09822844644706,1.62982180167428,0.31991377988381,1.32168190514279,-3365.45140876397,0.415831009214521,0,0,721211,11.1668885545925,5.71539836640467,0.613564009864587,0.0199999999999999,0.0113516131785275,5.26233247606046,1,-0.00253545091669974,7.56310655709629,7.9776799497972,6.73376797613689,7.39640883735762,7.55317977930984,7.93198397801941,202.260116978223,0.199145046487746,0.845713843047318,0.00129920941354067,0.110643344925313,0.00890801112209178,0.0321265608992708,0.00130903059246146,NA,0.0121112844505626,600,20,6772.35359473001,NA,NA,NA,NA,NA,NA,NA,NA,NA
"twopath","Jaipaguri",0.584529752587985,2.1750481076471,3.06506388634823,0.303296256937182,0.00644409609174898,1.47212375668549,-2388.06163848965,0.683883717803635,0,0,681352,23.9075171795864,16.9653886274957,3.29710630160239,0.0199999999999999,0.459849398467693,0.155191287511556,1,-0.00147827002386103,3.98515890038605,5.12971939238572,4.25899583630782,3.95927095310599,4.46232853195581,4.12730491304644,9.4606942211986,0.680666560554626,0.954708441650563,0.00184493875564173,0.00750398056043237,0.00440508478895677,0.0146653742327564,0.0168721800116461,NA,5.42571122717967e-05,600,20,4817.57405418137,NA,NA,NA,NA,NA,NA,NA,NA,NA
"twopath","Jessore",0.749618749654548,5.39729679579899,5.62920617934048,0.585486022207602,0.302992433206925,1.63351755559993,-3501.31870315686,0.276006355628521,0,0,1888827,9.63445257271647,9.23753693564167,1.70798270508569,0.0199999999999999,0.00531173099186179,4.19683546585751,1,-0.00450653714660081,6.27003251802472,11.2870015858178,2.58222042072142,8.54544019357413,8.5016767840983,9.88307999185002,799.66242064209,0.384248976949812,0.201547221261288,0.00321806632449825,0.162498153352668,0.145416992739461,0.243438237155961,0.243881329166128,NA,0.010211666650773,600,20,7044.0881835158,NA,NA,NA,NA,NA,NA,NA,NA,NA
"twopath","Khulna",0.719906530104557,12.3099432225939,7.26367246536565,1.5143548417237,0.48145470378215,1.43892022731647,-3506.52354221668,0.250731631869715,0,0,1177652,4.22422744440919,7.15891310462363,0.66034721351157,0.0199999999999999,0.00534420478055463,3.94064565224332,1,-0.00801189875259487,4.49894023658752,11.6491040585554,-0.494999197963791,6.91322922749134,8.0292802206389,9.73925206843335,490.992488425858,0.358575651603856,0.086949574335199,0.00202081467223574,0.174192025678133,0.0881797433202902,0.262774787038384,0.385883054955758,NA,0.0147187490162472,600,20,7054.49786163543,NA,NA,NA,NA,NA,NA,NA,NA,NA
"twopath","Malda",0.591808142853929,1.77734817983578,2.26678969546989,0.359610774892905,0.00456132682011772,1.63067290063323,-2900.34508816636,0.872970182617677,0,0,814919,29.2570699370816,22.9399313504558,2.7807843085286,0.02,0.480862495038867,0.134154205494024,1,-0.00212774671201782,3.69306944092475,5.4587606870472,3.95604821829713,4.32725748464259,5.14122627613816,4.82767321175896,10.6390366136782,0.63032136217447,0.763437926563718,0.0215943534399386,0.00464567202755685,0.0669701230922131,0.0939652519333022,0.0493866729432756,NA,2.52137327881677e-05,600,20,5842.14095353479,NA,NA,NA,NA,NA,NA,NA,NA,NA
"twopath","Midnapore",0.673643178022438,4.75640538935671,8.8879798237255,2.07656451286939,0.254402322593856,1.3056265020669,-3879.16951503205,0.314550833042361,0,0,2631516,10.9326257421958,5.85059833970275,0.481564619737338,0.0199999999999999,0.0098809789481191,3.73710046550758,1,-0.00496520225714314,7.84785770463512,7.27668350700862,7.23742613674435,7.50901508634155,7.31463319844755,8.07075242362684,275.811249881769,0.294505735256503,0.786874299964818,0.000570252198207118,0.127738997643409,0.0165777132500393,0.0221369371691626,0.0461017997743654,NA,0.0235569954231481,600,20,7799.78980726617,NA,NA,NA,NA,NA,NA,NA,NA,NA
"twopath","Moshidabad",0.623034820064289,8.73842539788828,15.6123978180213,2.44843843872894,0.379312167635392,1.81775077994635,-3404.57666591774,0.624896059301641,0,0,1250946,5.95072883640641,3.33068633057612,0.408423583040597,0.0199999999999999,0.00786775445960872,3.64880698349195,1,-0.00586642700903427,6.34911294853471,9.8529589690615,3.76215621518963,8.76275374185832,7.70099821117585,8.47743022577,585.153594246581,0.419020190442071,0.736926497317763,0.000150002123198733,0.123006167511074,0.0513392919857176,0.0327319708436894,0.0558460702185576,NA,0.0140133749459138,600,20,6850.60410903755,NA,NA,NA,NA,NA,NA,NA,NA,NA
"twopath","Mymensing",0.804498619873322,3.81926156765993,20.4677421367063,2.59450333505924,0.219339063256569,1.43844050286389,-3979.54400471956,0.545589862599676,0,0,3472186,13.6151973565562,2.54058311135085,0.385430223383069,0.0199999999999999,0.0278920059945674,3.83102480826243,1,-0.0058382763578377,5.40779137080819,8.51473586401986,4.55908114508861,6.63135740011419,7.3903252901884,7.44745634065983,114.180439876575,0.283819071496151,0.565979867665943,0.00174974996281552,0.0919926904774447,0.265746768823206,0.0276033236409752,0.0469275994296159,NA,0.000383682792185398,600,20,8000.5387866412,NA,NA,NA,NA,NA,NA,NA,NA,NA
"twopath","Nadia",0.733406688862386,7.80871032617089,5.63534939972266,1.14387901680136,0.436049869593035,1.65758514798959,-3403.28289010461,0.480944375295908,0,0,1644108,6.65923024775577,9.22746689008478,0.874218326686604,0.0199999999999999,0.00540091043099503,5.1644238053709,1,-0.0076243548122482,6.29817616415883,11.3126204043985,2.03314934087126,7.31818851616389,9.34843824207637,8.87639469236924,773.11031947306,0.457357189300268,0.437585046627947,0.00189139443735407,0.494064065359539,0.0189899206370436,0.0201493245223919,0.0273202484157266,NA,0.0049378018212112,600,20,6848.01655741129,NA,NA,NA,NA,NA,NA,NA,NA,NA
"twopath","Noakhali",0.691466290406327,5.45221565433925,11.7837008501459,2.18933238502265,0.245096141211408,1.70864089356043,-3471.73604187334,0.351778282233843,0,0,1009693,9.5374070463656,4.41287509427534,0.456760246566971,0.0199999999999999,0.010787415650226,3.10302240448202,1,-0.00345604789781863,5.91982174593795,9.32784929810187,5.45161089338034,8.23547623411914,6.89755709158409,9.18599576523926,383.342106949953,0.383106432816575,0.0551116627112224,0.000651641323000016,0.81667771510213,0.00466318734218166,0.0574759351808143,0.0654198583406553,NA,0.00519774082808887,600,20,6984.92286094875,NA,NA,NA,NA,NA,NA,NA,NA,NA
"twopath","Pabna",0.695152996270263,4.23123561601008,11.7983459265535,1.2442216909146,0.527750820049194,1.46851374612401,-3283.79628707907,0.300301875656943,0,0,1362392,12.2895543333118,4.40739747111232,0.80371529230046,0.0199999999999999,0.0059174254782656,13.7562491787114,1,-0.00221224892733897,7.55540204539809,10.6254437800354,6.36577423090055,9.150075843589,9.21807573445916,8.98659177821227,713.712847238448,0.501441404910715,0.46780925170965,0.000466634043706516,0.232948991662911,0.0915155855180636,0.0622448261551766,0.145014710910491,NA,0.000578074872118762,600,20,6609.04335136021,NA,NA,NA,NA,NA,NA,NA,NA,NA
"twopath","Rangpur",0.631482425113238,3.00750532240453,3.71776925644216,0.731757727849631,0.00769468302093204,1.55482591395689,-3264.15144495962,3.01692293821614,0,0,2065464,17.2900774647426,13.986882028758,1.36657251702505,0.0199999999999999,0.38943258272322,0.134228404181556,1,-0.00512701265043927,2.85866211422632,5.93930128497754,2.56852788642652,4.37903543172362,4.66150736984461,4.5353456703753,11.1243324740691,0.611928097765991,0.93124873849338,0.0131963552712269,0.026201376557046,0.0106583221134835,0.00524352499229112,0.0134516825725649,NA,0.000399767960431992,600,20,6569.75366712131,NA,NA,NA,NA,NA,NA,NA,NA,NA
"twopath","Rashashi",0.690989103005256,5.75237063630746,8.9138811589263,1.31935979141549,0.321099250021691,1.51514179681131,-3306.83126694575,0.298048942949981,0,0,1313336,9.03975131084036,5.83359807842262,0.757943365037022,0.0199999999999999,0.00786542547472944,4.28498473655658,1,-0.00861302920671702,5.3245918072163,10.8477558663247,3.73258226068311,8.05184270284174,8.0301848530152,9.15121380584968,524.006772684675,0.484592285273442,0.23555007922365,0.00200720856926895,0.180666449126126,0.0811591619939023,0.192260691298077,0.308356409788975,NA,0.00611024245754631,600,20,6655.11331109357,NA,NA,NA,NA,NA,NA,NA,NA,NA
"twopath","Tipperary",0.762956194986237,6.93847449258674,9.92566143719615,0.308651265193373,0.302988698673106,1.53321117209131,-3646.63187972263,0.396408301485295,0,0,1782935,7.49444277060588,5.23894556841636,3.23990248144128,0.0199999999999999,0.0056319083383051,3.26650548131012,1,-0.00524617605825886,6.70190201512839,10.2647934536467,1.23998109379949,8.42732392946635,8.01171528546462,9.49083878307727,567.300107878177,0.400368982030917,0.0710226090474641,0.00315887782550189,0.384483799830896,0.0910650649312743,0.0679322461677323,0.382337402197134,NA,0.00572215440539202,600,20,7334.71453664733,NA,NA,NA,NA,NA,NA,NA,NA,NA
"twopath","X24.Parganas",0.843794654923958,18.458580594272,11.1673503511833,1.27394386107295,0.578205141083395,1.3754601748461,-3780.55516841109,0.580636213796552,0,0,1758103,2.81711801914696,4.65643132567162,0.784963945866321,0.0199999999999999,0.0078893150010897,3.88918022553576,1,-0.00565955021525236,5.69509778744741,9.30730565563277,-0.472467026946313,6.9704365475236,6.19013230168271,9.46105056277077,329.477771465677,0.155870109335242,0.662816965704832,0.00208451461408128,0.0649825733468929,0.0178748006099093,0.0708575601349007,0.181383585589384,NA,0.0252576946698533,600,20,7602.56111402425,NA,NA,NA,NA,NA,NA,NA,NA,NA
"phage","Bakergange",0.854810896763067,4.65782351159365,Inf,0.0251109035885271,0.00249591415759846,1.41384595530656,-3664.48436577915,0.704229665184628,0,0,2153965,11.1640125201327,0,39.8233379565397,0.02,1,0.0279841813020583,1,-0.00351198800254666,0.0820600234662167,7.20911616511732,-8.99656636926174,2.22835184016253,2.0959093520276,5.28456248648136,2.59320046623886,0.320903272133985,0.630186093568791,0.222346024247872,0,0.11908375279632,0.0183575706524435,0.0100265587345767,"best_phage2",0.00721772871706864,600,20,7370.41950876037,0.316496640770395,2.9294128696761e-08,11.3306404855454,NA,NA,NA,NA,NA,NA
"phage","Bankura",0.56958343559339,7.12931922936019,Inf,0.251949199936262,0.00262351237993452,1.40270959377562,-3040.16057281504,0.342280975660432,0,0,1069668,7.29382404225244,0,3.96905408015973,0.02,1,0.0192383800477372,1,-0.00594572330977604,2.98043154518151,3.07292943392386,0.56150264181528,4.88856612917157,-2.60459528555871,2.62193616257354,3.88504865239849,0.476261983974416,0.858679563905129,0.0250707994570127,0,0.0663843250975463,0.0417035269094589,0.00816178463085377,"best_phage3",0.0294118532247255,600,20,6121.77192283215,0.366498823255239,4.19401715903175e-08,5.65134957388614,NA,NA,NA,NA,NA,NA
"phage","Birbhum",0.494510703706853,5.69213654342232,Inf,0.0716899542118654,0.00762430851610848,1.52947354581398,-3082.78227206252,0.294175922983599,0,0,797833,9.13540980672535,0,13.9489557636583,0.02,1,0.0703399625332441,1,-0.00479397114573022,1.78064955803913,3.73199258888028,0.672379006854573,4.31315509474167,0.431401392042101,4.36398174457686,4.14803731893691,0.532344477238698,0.431151371454382,0.0042371233418736,0,0.123658632895651,0.191751928171519,0.249200944136572,"best_phage4",0.00688488458412783,600,20,6207.01532132711,0.351500760700274,1.85603498122031e-07,6.43421843171599,NA,NA,NA,NA,NA,NA
"phage","Bogra",0.535793811811901,3.69636230074788,Inf,0.517063941491639,0.00295485716723822,2.05377027558699,-2857.93085047765,11.3888483213447,0,0,817494,14.0678850635066,0,1.93399678406345,0.02,1,0.0417510565598464,1,-0.00797119967887701,2.25344632427212,4.86970895426892,1.73003865188663,3.46387036553972,3.99100855226979,3.39277194627925,5.35323119509042,0.666168379999728,0.804860255571549,0.0406964847556927,0,0.000893410332859937,0.00468667702776018,0.148863172312139,"best_phage3",1.72507655009045e-05,600,20,5757.31247815737,3.6601502142984,2.04786503249532e-06,9.97186925661117,NA,NA,NA,NA,NA,NA
"phage","Burdwan",0.583619103038447,10.2968526765542,Inf,0.156214688171309,0.00878160659282591,1.4302422054951,-3412.00389712192,0.768198761020006,0,0,1391880,5.05008682103449,0,6.40144669945105,0.02,1,0.0449179597048769,1,-0.00950962046285826,1.59933241342846,4.80195600407516,-6.02525643337217,1.29895107996962,1.47502247646958,3.09833266133424,3.40916303177398,0.384877937770665,0.884940049126162,0.0124130285856968,0,0.00999656308401571,0.0491752158971252,0.0434751433069949,"best_phage4",0.0194307472004879,600,20,6865.45857144591,2.20666515798472,1.87642684729339e-07,7.65719567227813,NA,NA,NA,NA,NA,NA
"phage","Calcutta",0.759982019152583,3.20258251458485,Inf,0.0190974460541331,0.00186114130239971,1.22563301836603,-3042.33847940079,0.390998322019115,0,0,681560,16.2368962433247,0,52.3630226348292,0.02,1,0.0303127974465973,1,-0.00704184971438314,3.05645428931087,3.8027020829599,2.15590065700229,2.16161262491499,3.31371979525321,3.05850448162928,2.28952977915542,0.221224231093636,0.267460583623173,0.0319667585453534,0,0.241596312539576,0.335408151066224,0.123568194225677,"best_phage4",0.033508521445604,576,20,6126.19047231509,0.360055194371319,5.62634732800722e-08,15.3600706853715,NA,NA,NA,NA,NA,NA
"phage","Chittatong",0.713976656531394,10.6171098528973,Inf,0.241501802371005,0.00922646065077499,2.02302913413653,-3241.93676733345,1.88582751685344,0,0,1290167,4.89775472990982,0,4.1407558460527,0.02,1,0.0457960055488345,1,-0.0092121879544024,-0.592475468527127,5.43333963635495,-0.600803074997985,1.40752386556863,0.926347442458482,4.83105047054445,4.12152367611349,0.397188288301149,0.948764744423807,0.0164119342673673,0,0.00498543323527557,0.0295547510410403,0.00028313703250379,"best_phage4",0.00322232378885892,600,20,6525.32431186897,8.80769454564184,7.63268166205106e-05,2.18069648178025,NA,NA,NA,NA,NA,NA
"phage","Dacca",0.85050555570087,2.99980952137514,Inf,0.094795900037486,0.00325726098710872,1.2769397607005,-3787.89636788776,0.248432872183816,0,0,2420656,17.3344339463803,0,10.5489794348127,0.02,1,0.0567126485444793,1,-0.00727258262492196,1.27802551907115,6.12282568392483,-3.33346386189835,3.67794004232833,3.31472309867228,4.2720538110873,3.26317303345594,0.23448651339787,0.613094972782913,0.382651164641825,0,9.48728886444647e-05,0.00414392516198154,1.50645246349805e-05,"best_phage3",0.0101165020868575,600,20,7617.24351297759,1.10920816750815,2.51490157693056e-08,17.5408805844497,NA,NA,NA,NA,NA,NA
"phage","Dinapur",0.49445216284296,4.44949480945197,Inf,0.266698961599971,0.00204963235210075,2.00176025199479,-2940.11478504552,0.307248243055576,0,0,1555835,11.6867200046031,0,3.74954590749374,0.02,1,0.0240437529122544,1,-0.00692596759701869,1.99401223856488,4.36163916388664,2.52231993981873,1.74329174599581,3.82171388225496,3.80617398479136,5.37603938767489,0.681121224347868,0.876504143557436,0.0269578518029163,0,0.0108422272993149,0.0164278455244204,0.069267931815914,"best_phage4",0.00333637872576435,600,20,5921.68034729311,23.9410947409239,0.000144841450440305,6.29553547908505,NA,NA,NA,NA,NA,NA
"phage","Faridpur",0.785637345361238,2.7402428251249,Inf,0.168632639629844,0.00346054575495121,1.31300018116814,-3661.49001933062,0.285827978146938,0,0,1797320,18.9764204555959,0,5.93005009110362,0.02,1,0.0659662614328521,1,-0.00337162723487719,1.44642943864264,6.41210792560883,-3.5574835609746,4.33593096765846,3.02041216549892,4.43985944503069,3.40168899401294,0.378033897003189,0.245712626704179,0.431079155749502,0,0.165199293550937,0.157923080215445,8.58437799363757e-05,"best_phage4",0.00720468447624774,600,20,7364.43081586331,0.504533717509023,4.64343870094701e-08,11.4470073209441,NA,NA,NA,NA,NA,NA
"phage","Hooghly",0.574601274635985,7.32515009069766,Inf,0.110455767441506,0.00287778569534507,1.10676998089336,-3248.84626302916,0.30029634425899,0,0,1076710,7.09883065277198,0,9.05339778232556,0.02,1,0.0205455948390614,1,-0.0077088850707719,0.617916049515549,5.85452860461841,-6.78520927616288,0.826290946975049,2.1668442933215,3.27163392710326,3.22188630146474,0.35318732617629,0.305883023400595,0.102217212656029,0,0.172029344835631,0.411297687782825,0.00857273132491823,"best_phage4",0.108052193544004,600,20,6539.14330326039,0.100184164035625,6.68396357141666e-08,8.3498172810548,NA,NA,NA,NA,NA,NA
"phage","Howrath",0.769276846795558,6.7501534471914,Inf,0.151243521448279,0.0050378627214659,1.35660097498849,-3372.58416342084,0.373156262830568,0,0,721211,7.703528580026,0,6.61185345609642,0.02,1,0.0391070928768386,1,-0.00397153733518377,2.29915492324544,3.42944935097263,-0.434444724564613,1.94739534569868,2.42975610236258,3.11150654405156,2.35982364523975,0.19550276982865,0.786344701716127,0.173596186912061,0,0.0195607606775684,0.0192558515709734,0.00124249912327082,"best_phage3",0.0273176801504523,600,20,6786.61910404375,0.184313232491243,9.28843294001895e-09,10.0242740527173,NA,NA,NA,NA,NA,NA
"phage","Jaipaguri",0.587973476942996,2.37334085419643,Inf,0.26642896055421,0.00506985126945172,1.6572042648652,-2387.90747321806,1.41138713397871,0,0,681352,21.91004292875,0,3.75334572457836,0.02,1,0.111748604787294,1,-0.00232737306438527,3.28915104667001,4.46225321169006,3.3565767756705,3.31077881758805,3.63533418841997,3.37347960467824,4.96543915877646,0.739745109424994,0.865747396028895,0.000557197752625794,0,0.00219720093842183,0.00150297508996663,0.129995230190086,"best_phage4",5.41137503365659e-05,600,20,4817.26572363819,0.136812383616432,4.53620942022034e-06,3.59618822446517,NA,NA,NA,NA,NA,NA
"phage","Jessore",0.748126725633007,3.33270521159294,Inf,0.0784688255830058,0.00224228117311608,1.56549636792538,-3501.05064885223,0.248933387393275,0,0,1888827,15.6029401637793,0,12.7439144471734,0.02,1,0.0351097505305688,1,-0.00431985515512726,1.49020793956841,5.56442015939738,-1.16239458315399,3.32377917682436,3.38542889348522,4.53114554471203,4.07444775510382,0.392097907514652,0.647245314239084,0.298587306121909,0,0.00605104378743625,0.047423206336801,0.000693129514769682,"best_phage4",0.00576605712591671,600,20,7043.55207490653,1.30100665467137,3.65392471154979e-08,10.1012819335136,NA,NA,NA,NA,NA,NA
"phage","Khulna",0.72255330659609,6.48968702280616,Inf,0.0298924690131591,0.0029111427452808,1.39243582446383,-3503.73339782883,0.254522880750971,0,0,1177652,8.01271306570884,0,33.4532420041913,0.02,1,0.0234526483733303,1,-0.00849324800662316,-1.11711017181368,6.81644977113948,-6.87018405670899,1.44416013917018,2.78766505286373,4.52003536835484,2.54454727809101,0.351143589581423,0.558080924176554,0.398960658897477,0,0.0107903412381837,0.000261777128880886,0.0319062985589085,"best_phage3",0.0145397990579365,600,20,7048.91757285973,4.06612133715094,2.55280203854962e-08,19.3710843762323,NA,NA,NA,NA,NA,NA
"phage","Malda",0.578177430766402,2.03615728183099,Inf,0.267132576826097,0.00522169728815127,1.85848566606026,-2892.91464213497,0.557651225613578,0,0,814919,25.5383022048472,0,3.74345956558865,0.02,1,0.134158251088694,1,-0.00168154684565302,2.7654628043842,4.82643778881746,3.06941256013003,3.71114459815361,4.26124321778953,4.32269439886838,5.57714472462983,0.651644458470041,0.719606569287209,0.0180986685571323,0,0.06721679905819,0.122125095361604,0.0729528677358638,"best_phage3",1.90816432899447e-05,600,20,5827.28006147201,8.315182248177,0.00020909366311714,5.03280375567723,NA,NA,NA,NA,NA,NA
"phage","Midnapore",0.671435828246465,9.58419230578082,Inf,0.046423148567346,0.00251523543873311,1.33870076767053,-3883.02088583543,0.225267645213032,0,0,2631516,5.42560064958584,0,21.5409775265308,0.02,1,0.0137315057088123,1,-0.0110822049531046,2.17202080713595,2.64905346857833,-2.84826252529051,1.92067151411213,1.40833368547192,3.39856776193834,3.09268110353693,0.280277959864482,0.727082243925533,0.167832442096355,0,0.0102599816184467,0.089532848948296,0.00529248341136782,"best_phage4",0.107490378557209,600,20,7807.49254887293,0.750786471374816,4.41014115328569e-08,9.13890266801579,NA,NA,NA,NA,NA,NA
"phage","Moshidabad",0.625810628928835,4.58926551714165,Inf,0.186619195230891,0.00323191804726896,1.71423878037331,-3400.74104604615,0.384197080673484,0,0,1250946,11.3307891656675,0,5.35850558546655,0.02,1,0.0368037671144103,1,-0.00540921963468186,1.96397701916854,4.53640119149544,0.31503955083957,3.70292166956637,3.10125808753645,3.50192001978581,4.51599372080548,0.399777746088481,0.598129050132549,0.0163156116811356,0,0.104645614748062,0.158113310975923,0.122796412462337,"best_phage4",0.00844135089955238,600,20,6842.93286929437,0.680824912877258,7.53699934696824e-08,8.14922557856445,NA,NA,NA,NA,NA,NA
"phage","Mymensing",0.81227922946503,3.12637412789898,Inf,0.0759193472887891,0.00607007667765706,1.63627106804432,-3975.12346341473,1.50001232536295,0,0,3472186,16.6326862597682,0,13.1718729903737,0.02,1,0.101700411783434,1,-0.00444061051744105,1.95660480196993,5.01022250663336,1.10506608716905,3.13939636402414,3.75053818600005,4.07879072478929,3.71637573467356,0.252124768832709,0.891258392411912,0.0780580424944409,0,0.00398997034080458,0.0204316870496631,0.00626190770317231,"best_phage4",0.000253183266357613,600,20,7991.69770403153,7.17076562230507,3.13291767117077e-05,8.46734994552683,NA,NA,NA,NA,NA,NA
"phage","Nadia",0.733528553839292,4.27737018668068,Inf,0.0370265351665203,0.00272845166053134,1.69535970168552,-3403.12863054634,0.33097878983441,0,0,1644108,12.157002487632,0,27.0076580350464,0.02,1,0.0333152617388863,1,-0.0084339013829367,1.2388549519476,5.99077723656697,-2.62526101919459,2.27921914488381,4.11830277713044,3.66918430156671,4.35522734888452,0.465806006899365,0.619064617111902,0.262411268482577,0,0.0156221667701274,0.101174367761502,0.00172757987389414,"best_phage3",0.00426237341013882,600,20,6847.70803829475,1.78626528782314,4.57951674557958e-07,8.55208154730436,NA,NA,NA,NA,NA,NA
"phage","Noakhali",0.694373824795144,8.79456510637724,Inf,0.381746746894184,0.00513657084389379,1.83900888880756,-3477.23631066834,0.375082920886763,0,0,1009693,5.91274262809119,0,2.61953771220267,0.02,1,0.0306312926123223,1,-0.00827334370301452,-1.32802366489111,6.97608955920652,-6.8470585104588,3.34126436780249,1.55535519389171,5.06385277612901,3.89962533450048,0.390592466645996,0.924558307327377,0.063605638808252,0,0.000797468098168534,0.000366987498727366,0.0106715982674779,"best_phage4",0.00690207130665467,600,20,6995.92339853875,0.468617491357397,3.34682162734086e-08,12.6665056758231,NA,NA,NA,NA,NA,NA
"phage","Pabna",0.689500233942488,2.25619872023449,Inf,0.262971622317252,0.0041261669433941,1.47748109214846,-3289.03919269574,0.455081773951441,0,0,1362392,23.0476152360354,0,3.80269167900401,0.02,1,0.0955751906420993,1,-0.00289794934098059,2.13929131570681,5.65123600553484,0.486652738627916,4.09654938974582,3.99029609418724,3.78009276437313,4.04025322041107,0.523973322219963,0.23864627315078,0.0741474084289684,0,0.0541824802835562,0.632977563716458,4.62744202349347e-05,"best_phage3",7.68043100120982e-05,600,20,6619.52916259355,0.0589939350977176,1.31237895098821e-08,9.89220771164583,NA,NA,NA,NA,NA,NA
"phage","Rangpur",0.629427886955218,3.65690260464938,Inf,0.685223833115978,0.00471485960572375,1.79075090842699,-3267.51428074356,1.03417232415105,0,0,2065464,14.2196841485161,0,1.45937714316301,0.02,1,0.067456157904163,1,-0.00745848778146857,1.51572081567353,5.29901353129041,1.12300297488532,3.36217661041323,3.77204204408011,3.58459463927706,4.93741973224434,0.686531192768717,0.924222904243036,0.0119035307990876,0,0.00528567757617508,0.0157986398019539,0.0427892475797453,"best_phage4",0.000605255071991926,600,20,6576.4793386892,0.353715758265936,1.37675817905916e-06,9.33215569346086,NA,NA,NA,NA,NA,NA
"phage","Rashashi",0.693630181272683,3.12524843653442,Inf,0.190445101673932,0.00351120120316859,1.47157513132023,-3302.62872127198,0.286176573974144,0,0,1313336,16.6386772303013,0,5.25085702499261,0.02,1,0.0586980682621369,1,-0.0062187783848623,1.59224350488992,5.23471802518379,0.642633079197257,3.24899465132847,3.45255756319475,4.10332268623143,4.14132494994134,0.483554845079508,0.21860181126979,0.141749092708183,0,0.249271390371075,0.245264244352189,0.145113461298765,"best_phage3",0.00313380362421678,600,20,6646.70821974603,0.452836759365638,1.00347785847576e-07,12.6868268168723,NA,NA,NA,NA,NA,NA
"phage","Tipperary",0.77132796464252,4.71570820408961,Inf,0.0373547166597615,0.00194846941024856,2.02401403892912,-3629.61540925375,0.374712563592289,0,0,1782935,11.0269757477581,0,26.7703810768614,0.02,1,0.0215667164074638,1,-0.00151576524146391,2.01137758448137,5.27308408133176,-2.40111856976761,3.50516343118519,2.99427635276723,4.50198056907792,4.47834508236838,0.366228420210975,0.524784790547152,0.472252576082931,0,0.00272604918575303,0.000108394978480867,0.000128189205679208,"best_phage4",0.00499479267400694,600,20,7300.68159570957,6.9453595206405,1.55906065200243e-05,11.7633230844996,NA,NA,NA,NA,NA,NA
"phage","X24.Parganas",0.844437324689412,8.19992213700551,Inf,0.0536553723756509,0.00506647497533545,1.38197998265529,-3778.24944943893,0.376862909384549,0,0,1758103,6.34152363049018,0,18.6374626756631,0.02,1,0.0323946268451298,1,-0.00497932740871608,0.800980015817973,4.6225869424116,-7.09483828030413,1.8048566814662,1.34005194985096,4.6224384279111,2.52270023217001,0.158831465486858,0.341882933354826,0.263994912313524,0,0.00758846603570787,0.368022463941533,0.0185112243544123,"best_phage4",0.0228460834509417,600,20,7597.94967607993,0.47441467212672,2.64866061420724e-08,9.81771810047288,NA,NA,NA,NA,NA,NA
"omega","Bakergange",0.855153435852473,4.65782351159365,Inf,0.0272685023861197,0.00255986068011386,1.34913255844324,-3661.80721710416,0.294492320216513,0,0,2153965,11.1640125201327,0,36.6723476720534,0.02,1,0.028702989550541,1,-0.00459971184443251,0.0667159470963655,7.0943000433427,-8.70315974763863,1.90985999893972,2.15146207127512,5.19285761947482,2.50147848995784,0.322177110963072,0.570310713394359,0.232830070929744,0,0.151984201315522,0.0327255413266297,0.0121494730337446,"best_omega4",NA,600,22,7369.36833368839,NA,NA,NA,0.0113983002387052,0.00762018472990581,0.0081561691773179,0.009048054213928,0.00417064048381961,0.0123187184386498
"omega","Bankura",0.569916750178314,7.04804156670194,Inf,0.256767828693588,0.00260026089657683,1.40125683486821,-3039.34987712412,0.365055130480205,0,0,1069668,7.37793605611961,0,3.89456889941357,0.02,1,0.0192867143312025,1,-0.00515684355224985,2.98511074799565,3.0335943047694,0.637037313903914,4.86230011535831,-2.60090948484258,2.69982665188363,3.81981338427893,0.47215811417049,0.937029721310286,0.0235345424702627,0,0.023582320487343,0.0114372163758295,0.00441619935627811,"best_omega5",NA,600,22,6124.45365372831,NA,NA,NA,0.0258179461210983,0.0394949361034443,0.0201125695587896,0.0221274532132338,0.0382361009735101,0.0175954797864844
"omega","Birbhum",0.499301343681945,5.76183718478736,Inf,0.0757893407575917,0.00743400653750521,1.50125194070156,-3076.42812847762,0.348693644207128,0,0,797833,9.02489923479486,0,13.1944675861273,0.02,1,0.067743445257458,1,-0.00611117121486129,1.60465690104567,3.65948616717148,0.574634930956955,4.32392759430232,0.501322688067242,4.4373903613385,4.07045230026258,0.532093025346071,0.404072664151057,0.00704454244619385,0,0.0642388817369228,0.452139081154731,0.0725048305110906,"best_omega5",NA,600,22,6198.61015643531,NA,NA,NA,0.0121428393046222,0.0138818033453873,0.00734590239241327,0.00349423076508326,0.00314364809963445,0.00927962570372657
"omega","Bogra",0.539577565262959,3.69636230074788,Inf,0.469628332930598,0.00295332656384645,1.89631478757235,-2847.66426478798,10.1334004972402,1,0,817494,14.0678850635066,0,2.12934341878343,0.02,1,0.0417293656304786,1,-0.00714584022435681,2.20374828823147,4.74169029705125,1.58237683997599,3.46882845949662,3.89911990130503,3.32657874779781,4.88149735950912,0.679441244269565,0.6996335224551,0.0416643274111351,0,0.0869159817186488,0.0431219160573719,0.128664252357746,"best_omega4",NA,600,22,5741.08242905603,NA,NA,NA,6.16093110520836e-05,5.82798212617102e-05,3.89226552443771e-05,2.45160901270792e-06,3.77156075553293e-05,2.11907305099314e-05
"omega","Burdwan",0.609668735400711,9.72850019136039,Inf,0.151430886718935,0.0085159486199923,1.50165951921718,-3381.79132045156,0.82964526897187,0,0,1391880,5.34511990308432,0,6.60367261704054,0.02,1,0.0460815132337946,1,-0.0102416181858032,1.68884001323651,4.7501456826159,-6.01014420760064,1.487290010617,1.75320238376985,3.25067501691806,3.57787028104661,0.345016371496307,0.96848479588657,0.0124649488364576,0,0.00121959815671013,0.0156053778272092,0.00222527929305324,"best_omega5",NA,600,22,6809.33654038319,NA,NA,NA,0.0196882728280137,0.024234876086579,0.031465859631136,0.0807798422293161,0.00710858128005565,0.00439849361677237
"omega","Calcutta",0.761196879187296,3.22056698555338,Inf,0.019262053118856,0.00187692563615363,1.2038050996199,-3037.69720697756,0.388550342358525,0,0,681560,16.1462252557573,0,51.9155457535875,0.02,1,0.0303998609006249,1,-0.00489149627667051,2.99945266403879,3.78889857345224,2.05291641761996,2.2082391563778,3.33860968790718,3.03052402342666,2.16043300672935,0.221764410010444,0.328121674255215,0.0316885741216151,0,0.10390460655515,0.457946986027275,0.0783381590407442,"best_omega5",NA,576,22,6121.2244320383,NA,NA,NA,0.0261121522954754,0.0373354194186033,0.0453021809832762,0.0229328080791743,0.0177155339297849,0.0428638487887428
"omega","Chittatong",0.713411714201573,9.80433876718244,Inf,0.273457247810605,0.008479321681977,1.51989985117509,-3251.61878579797,8.36532612076835,0,0,1290167,5.30377430184858,0,3.65687875529484,0.02,1,0.0455280417794147,1,-0.0117875353944313,-0.475445157921502,4.87683578982453,-0.490315639534015,0.845125566704354,1.02119305051655,4.49091521518389,2.95273735324148,0.40537508413983,0.974781117648167,0.0181343634908826,0,0.00171753889047017,0.00521624198740489,0.000150737983072744,"best_omega5",NA,600,22,6548.99147107601,NA,NA,NA,0.00524921916778067,0.00704610210643485,0.00507588031861622,0.00304525719943383,0.00138357871878554,0.00232517404655033
"omega","Dacca",0.857920777525122,2.8849342110405,Inf,0.0940373811347824,0.0035124092093481,1.22490480485472,-3763.83324345826,0.268185380975312,0,0,2420656,18.0246744625921,0,10.6340690046091,0.02,1,0.0636036829237468,1,-0.00480544104234286,1.1774912079973,6.15637502454865,-3.53668648646027,3.68384052595957,3.43022707617257,4.22917943213394,3.12266030677062,0.22404551661729,0.672333550516934,0.322530551872137,0,9.05861150836806e-05,0.00498552989716933,5.97815986687003e-05,"best_omega5",NA,600,22,7573.42038639659,NA,NA,NA,0.03418386543189,0.017647015840468,0.0163942799775132,0.0160289072970237,0.00141746122630913,0.00927836507071947
"omega","Dinapur",0.49859948229109,4.22097335452959,Inf,0.30955919215974,0.00168135353772438,1.62414564055695,-2946.8381934307,0.488041807751273,0,0,1555835,12.3194333705514,0,3.23039995363464,0.02,1,0.0207818916581509,1,-0.0072401607630031,1.84170030224807,4.18460257138791,2.26303414949282,1.773805311817,3.75519483612138,3.54956081732029,4.39873994621914,0.690669018709161,0.87168691548029,0.0358750510728843,0,0.0148661747683239,0.0197649261764048,0.0578069325020934,"best_omega5",NA,600,22,5939.43028634147,NA,NA,NA,0.00572122404358121,0.00226024576951121,0.00480213053632369,0.00272010812124894,0.00165510772493198,0.0043407429552212
"omega","Faridpur",0.79982513468138,2.52215428747438,Inf,0.152564433839513,0.00344980201204838,1.25865466551823,-3631.60025941101,0.211144198811978,0,0,1797320,20.6172954042678,0,6.55460761616257,0.02,1,0.0714410406546733,1,-0.00274648238558322,1.41654526354471,6.47522939578105,-3.56938346886736,4.27945948564206,3.17893950592845,4.46368214743564,3.40823779908931,0.354522646479165,0.247464901599126,0.416631254508985,0,0.202829050488216,0.132636877725441,0.00043791567823099,"best_omega5",NA,600,22,7308.95441830209,NA,NA,NA,0.0184095733965297,0.0113653090910162,0.0249030015748951,0.0124084673082998,0.000854055677017,0.0178726301410476
"omega","Hooghly",0.60356120060464,6.80966038073597,Inf,0.100320273918826,0.00282326908218311,1.04634346776757,-3222.933234271,0.298923211807579,0,0,1076710,7.63621048519603,0,9.96807485602712,0.02,1,0.0216767416239695,1,-0.00928768551713334,0.436015363059534,5.75000068204853,-6.70299339968126,1.04600560861391,2.44349493388882,3.34614022497891,3.0766804322751,0.346795740036113,0.324244606619512,0.0964328540589548,0,0.081218711754012,0.493837810275303,0.00426601729221496,"best_omega5",NA,600,22,6491.62036802207,NA,NA,NA,0.147224750987287,0.163931197244473,0.166029540194029,0.179647848045599,0.0234093558437428,0.0726686676639406
"omega","Howrath",0.773357536202893,6.55641654159523,Inf,0.151750155893222,0.00537065121952775,1.30203958917615,-3361.81312664642,0.366133116480388,0,0,721211,7.93116173600342,0,6.58977906226104,0.02,1,0.0429334973138363,1,-0.00398916361495767,2.2634165704779,3.39570857821783,-0.701959115001566,1.98337291330059,2.52062791803898,3.10558603464835,2.29268481437278,0.194638074856845,0.821069698552616,0.160425221257993,0,0.00618835904183989,0.0114171684005959,0.00089955274695581,"best_omega5",NA,600,22,6769.38015277291,NA,NA,NA,0.0263511382779583,0.076169839239255,0.0762811043763031,0.0259911778127762,0.0192786625165682,0.0127432835209917
"omega","Jaipaguri",0.599262053164737,2.37641866707844,Inf,0.315073853370642,0.00494348173452162,1.38894553921395,-2382.25840934242,0.791224905311977,0,0,681352,21.8816661897075,0,3.17385904702043,0.02,1,0.108808378998551,1,-0.0025188666197167,3.11272724515107,4.31568086118428,3.15919720712142,3.14564683129155,3.5257591621611,3.08228466882029,4.20434837147946,0.735223862213227,0.893449936711417,0.0123087930137406,0,0.0155065992465112,0.0450362902368885,0.0336983807914409,"best_omega5",NA,600,22,4810.27071816491,NA,NA,NA,0.000143598941260709,8.99220859122445e-05,4.16495508162862e-05,2.31582752632946e-05,1.38439264154802e-05,0.000405580725309008
"omega","Jessore",0.760488755014231,3.22646484747112,Inf,0.0778620240730585,0.00226645637785109,1.53794532783856,-3486.46980576476,0.301830133713992,0,0,1888827,16.1167105356059,0,12.8432314970607,0.02,1,0.0366562302578167,1,-0.00438506101625034,1.51847359470099,5.59550071321034,-1.27917117533761,3.26028309751415,3.47607889051899,4.51527421952834,4.15782989340699,0.380795481842452,0.713659969602495,0.264108875893287,0,0.00314395587383183,0.0187167231089627,0.000370475521419595,"best_omega5",NA,600,22,7018.69351100959,NA,NA,NA,0.00866285984901405,0.00717467763857466,0.0191434426979138,0.0112324984557754,0.00132778366562344,0.00571172150145967
"omega","Khulna",0.726385658831814,6.43387943353087,Inf,0.0303238282340748,0.00295247898770156,1.37852037077725,-3498.66539697051,0.248796776077226,0,0,1177652,8.08221548712838,0,32.9773665871218,0.02,1,0.0239924582083,1,-0.00786818489498078,-1.05293194580431,6.6804651719061,-6.7762990959948,1.41435830484966,2.8540463162043,4.49575792557426,2.58362977329463,0.349847314860566,0.735733352002169,0.258265704168634,0,0.00211888974890829,0.000124282579440847,0.00375777150084984,"best_omega5",NA,600,22,7043.08469342109,NA,NA,NA,0.0243599445717119,0.0182970559799722,0.05558626976872,0.0273935773663862,0.00392651372974633,0.0158599337395119
"omega","Malda",0.587012494190699,2.03615728183099,Inf,0.312298707790955,0.00349422144991776,1.67654044048214,-2906.03577042885,0.51952714198093,0,0,814919,25.5383022048472,0,3.20206256078835,0.02,1,0.0896195182305902,1,-0.000754734482021259,2.79650494357933,4.69062002611599,3.03268698547137,3.48584736962902,4.33799763855584,3.97823496605468,4.94824594867126,0.652611609605358,0.505964649769349,0.0607659747259724,0,0.094313772370952,0.200034193006092,0.138921410127635,"best_omega1",NA,600,22,5857.82544033777,NA,NA,NA,1.74310442796213e-05,1.75809838756504e-05,1.68442005501021e-05,1.67122766985924e-05,1.73078184860642e-05,1.72659453171204e-05
"omega","Midnapore",0.675104409815695,9.65546399852366,Inf,0.0453304670741153,0.00267524611445074,1.31088997542066,-3878.45584926936,0.364886866548137,0,0,2631516,5.38555164287815,0,22.0602183155316,0.02,1,0.0144999720228865,1,-0.0112536157695141,1.97519592068229,2.74192635093529,-2.91002316413679,1.91845386101068,1.45355264068123,3.42579173472959,2.87936041933634,0.272801171709479,0.814912048072019,0.156247523946091,0,0.00156922058732836,0.0254058324449103,0.00186537494964917,"best_omega5",NA,600,22,7802.66559801879,NA,NA,NA,0.160524271427348,0.0410706053499438,0.10894608490177,0.10488402544053,0.0460201957586703,0.0964919275977489
"omega","Moshidabad",0.627265943155429,4.52691597693717,Inf,0.176609539307745,0.00317688300027196,1.67764403468552,-3396.39059242705,0.311186985857504,0,0,1250946,11.486848941955,0,5.66220830380789,0.02,1,0.0366724167678029,1,-0.00569024219970503,1.92127156915282,4.53554152897581,0.279542716156877,3.64818125576994,3.12837318973533,3.52930252494731,4.44644529906495,0.39952133330784,0.613386377057896,0.0147588424318554,0,0.105709357633018,0.0890347033881877,0.177110719489045,"best_omega5",NA,600,22,6838.53508433417,NA,NA,NA,0.010865104045891,0.00655915127652743,0.00651370464424417,0.0188076967126758,0.00299215881150136,0.00657237389241177
"omega","Mymensing",0.805103491865615,3.00425998049477,Inf,0.111223217313299,0.00390522000010382,1.34411848986326,-3991.82244061581,0.524271506650285,0,0,3472186,17.3087550137509,0,8.99092855031475,0.02,1,0.067937913153813,1,-0.00228459678571352,1.73089714326823,4.83881900326793,0.847284499519036,3.02768718581067,3.71986874900863,3.85637187499371,2.99352969125062,0.272135307769816,0.89315348258424,0.100463575585955,0,0.000200517065536589,0.00591953298258226,0.00026289178168696,"best_omega1",NA,600,22,8029.39878071169,NA,NA,NA,0.000243960299258197,0.000242228520343007,0.000241504129569514,0.000234136307302559,0.000242708712214026,0.000248134338377937
"omega","Nadia",0.73876398696129,4.2154737024638,Inf,0.0365729111601283,0.00265639033283268,1.6020785362127,-3395.90872606105,0.211753025940932,0,0,1644108,12.3355057272941,0,27.3426415420329,0.02,1,0.0329084636960736,1,-0.00864303391111319,1.15010882797262,5.93061674826572,-2.59199058425462,2.03688694734979,4.20884624910602,3.58606815141149,4.20045824364659,0.473857761448543,0.626380829961957,0.325123061980027,0,0.0101076399002398,0.0379966082343452,0.000391859923427459,"best_omega5",NA,600,22,6837.57135160217,NA,NA,NA,0.00603472365070072,0.00654869732460339,0.00731150333076276,0.00914454120417621,0.0011061136246298,0.00292012375889924
"omega","Noakhali",0.698033074942416,8.71055016353502,Inf,0.393430026953741,0.00539368428069004,1.81049056045341,-3472.0926396108,0.351077806706567,0,0,1009693,5.96977217554956,0,2.54174804028768,0.02,1,0.0324821384276165,1,-0.00965083516483308,-1.41146506672214,6.93477674287146,-6.7076888143547,3.30551122469537,1.64532552424224,5.0357031907587,3.88819593214392,0.387133806935677,0.91502182172715,0.072843666642457,0,0.00103568852294663,0.000854959823372112,0.0102438632840722,"best_omega5",NA,600,22,6989.93917870167,NA,NA,NA,0.013526996926952,0.0159052701448815,0.00942047442685166,0.00758933084727495,0.00264284635910057,0.0123104386077433
"omega","Pabna",0.690454716570054,2.25619872023449,Inf,0.265101134228441,0.00446221043524238,1.44831165888215,-3287.85862190424,0.403958928622694,0,0,1362392,23.0476152360354,0,3.77214530941346,0.02,1,0.103393918846009,1,-0.00258240559308621,2.17177370918226,5.56198654046744,0.576880991200116,4.03072241518255,4.01504124417184,3.7135333864932,3.93444530131963,0.523523567365615,0.383288911415476,0.055817349109715,0,0.00516669327352228,0.555707759229891,1.92869713956717e-05,"best_omega4",NA,600,22,6621.47114328855,NA,NA,NA,0.00013390533238974,0.000105640187340269,7.48141540622579e-05,5.6750496570821e-05,7.9900875807955e-05,4.91820224212357e-05
"omega","Rangpur",0.633220339385541,3.57003431908967,Inf,0.663041660282633,0.00440342606660696,1.62693028682607,-3265.90102214641,2.33290514569354,0,0,2065464,14.5656863078166,0,1.50820085660037,0.02,1,0.0645110609746724,1,-0.0076808876527092,1.42650446333332,5.1983346474781,1.05947606838467,3.37085961709038,3.6677015791551,3.52766368502786,4.57656139451176,0.691981389350013,0.934501055358875,0.0128305919249033,0,0.00886619479516563,0.00999832595548998,0.0338038319655684,"best_omega5",NA,600,22,6577.55594377289,NA,NA,NA,0.0012748937769667,0.000534271331889552,0.000874457606366785,0.000329044113734916,0.000209801540329605,0.000367489439565293
"omega","Rashashi",0.701266885122407,3.04496471148111,Inf,0.184145571236627,0.0034650239040792,1.42054575136759,-3288.42779145618,0.309466725526281,0,0,1313336,17.077373607626,0,5.43048629019158,0.02,1,0.0594487997596328,1,-0.0064825719452929,1.52147468464437,5.25483944762254,0.567595240054374,3.10643944077701,3.54324818068969,4.11391664992695,4.07660513532101,0.479546420963002,0.271681813367478,0.132240742778414,0,0.258585342452971,0.189253337437104,0.148238763964033,"best_omega5",NA,600,22,6622.60948239243,NA,NA,NA,0.00478774409790622,0.00458424839780701,0.00682054746644425,0.0058828166855543,0.000876936487725106,0.00137298778635065
"omega","Tipperary",0.765188795134162,4.55459222530329,Inf,0.0416852742736284,0.00139893403952378,1.53152302516213,-3648.09712215137,0.348343697650411,0,0,1782935,11.4170484266651,0,23.9892868027172,0.02,1,0.0160220902031131,1,-0.00505988535424335,1.64731116302182,4.85590355103632,-2.56673807843186,3.3245294391179,2.80296187205876,4.36386316247174,3.23355396794055,0.395282456544549,0.50042150746019,0.498952461033797,0,0.000378984847520806,0.000127848631108181,0.000119198027384888,"best_omega4",NA,600,22,7341.94814378281,NA,NA,NA,0.00554713300342583,0.00432749413975337,0.00703968845385656,0.00597427866704457,0.00297853421438492,0.00594014187419664
"omega","X24.Parganas",0.852793850946587,7.64345025146716,Inf,0.0643357646595452,0.00533476615044957,1.28836737578831,-3752.89256912192,0.410282091211978,0,0,1758103,6.80321036825203,0,15.5434540226862,0.02,1,0.0365954599308467,1,-0.00510715548230649,0.760627935900169,4.52140853886382,-6.81045892699734,1.75397288355182,1.45680314291386,4.60979725095545,2.47620461495184,0.147659653842107,0.31275874407538,0.254712558942209,0,0.001729441270728,0.427989120169483,0.00281013554220045,"best_omega5",NA,600,22,7551.53903772391,NA,NA,NA,0.0531907662754395,0.03374171271846,0.0388057413447058,0.0776182321540005,0.00656940749851414,0.00947570741215582
