time,London,Birmingham,Liverpool,Manchester,Leeds,Sheffield,Bristol,Nottingham,Kingston.upon.Hull,Coventry
1946.01923077,96,57,6,30,3,8,12,5,7,7
1946.03839572551,91,53,9,43,11,13,15,6,11,6
1946.05756068102,117,68,6,41,4,14,14,2,2,15
1946.07672563653,70,70,6,41,10,16,21,12,3,9
1946.09589059204,118,59,10,NA,11,19,12,3,6,11
1946.11505554755,100,64,11,43,0,22,11,0,15,4
1946.13422050306,112,79,8,64,12,27,22,1,6,16
1946.15338545857,133,102,8,73,11,38,22,6,20,8
1946.17255041408,142,113,16,40,22,33,13,9,10,11
1946.19171536959,138,106,18,54,16,37,28,4,9,4
1946.2108803251,178,125,19,60,11,51,21,8,18,10
1946.23004528061,192,116,12,47,14,49,29,7,24,8
1946.24921023612,200,103,20,44,26,50,15,12,21,3
1946.26837519163,160,160,18,66,37,52,28,7,24,12
1946.28754014714,180,111,19,69,29,39,54,2,13,8
1946.30670510265,176,101,27,52,21,36,14,2,11,7
1946.32587005816,138,104,18,55,20,45,16,6,10,13
1946.34503501367,180,117,32,66,39,67,28,12,34,13
1946.36419996918,160,108,35,78,45,32,23,14,13,10
1946.38336492469,188,125,27,73,36,59,18,7,29,11
1946.4025298802,182,138,36,69,43,31,15,8,22,6
1946.42169483571,193,132,32,66,36,18,11,13,37,8
1946.44085979122,162,96,20,57,49,30,17,9,24,8
1946.46002474673,150,103,21,25,34,20,14,9,17,14
1946.47918970224,142,113,15,40,54,32,21,19,14,16
1946.49835465775,157,107,33,42,33,28,16,16,6,17
1946.51751961326,158,137,29,43,48,27,18,14,8,15
1946.53668456877,148,165,25,67,47,34,17,4,17,10
1946.55584952428,167,174,NA,70,49,33,24,8,16,29
1946.57501447979,166,173,41,46,48,28,22,11,19,13
1946.5941794353,159,146,34,47,30,27,7,11,12,24
1946.61334439081,121,120,38,36,27,18,2,18,11,8
1946.63250934632,148,142,33,53,42,18,3,6,11,14
1946.65167430183,170,124,49,34,42,12,6,10,21,16
1946.67083925734,124,109,66,52,52,11,10,14,9,27
1946.69000421285,130,111,37,34,44,15,13,8,8,27
1946.70916916836,142,90,32,37,42,11,7,17,13,20
1946.72833412387,110,121,41,28,26,4,5,3,21,10
1946.74749907938,81,88,30,27,35,9,3,4,24,14
1946.76666403489,90,83,48,10,28,9,4,6,12,6
1946.7858289904,108,71,34,21,27,9,6,0,15,11
1946.80499394591,101,62,55,19,26,4,3,8,9,10
1946.82415890142,94,73,29,30,23,9,5,10,11,15
1946.84332385693,83,63,60,29,42,9,4,2,9,11
1946.86248881244,74,75,49,12,39,13,3,5,8,15
1946.88165376795,99,91,53,27,46,6,3,6,8,3
1946.90081872346,106,65,77,19,48,1,5,8,7,10
1946.91998367897,109,105,82,32,50,5,6,12,19,10
1946.93914863448,105,75,62,15,53,8,6,11,6,12
1946.95831358999,96,67,81,28,44,4,3,4,8,18
1946.9774785455,103,81,73,33,45,9,3,10,4,5
1946.99664350101,82,56,44,19,15,4,5,7,15,2
1947.01580845652,115,89,86,36,37,6,8,19,6,21
1947.03497341203,132,109,70,32,28,5,4,18,11,11
1947.05413836754,158,89,121,42,45,8,4,47,12,11
1947.07330332305,196,102,83,42,48,4,10,12,22,23
1947.09246827856,156,70,62,36,40,6,12,36,14,10
1947.11163323407,161,69,69,47,20,10,16,15,7,22
1947.13079818958,180,3,62,44,45,4,12,18,1,0
1947.14996314509,212,87,72,42,51,15,7,13,7,29
1947.1691281006,224,103,75,38,56,10,10,21,2,13
1947.18829305611,262,87,75,69,53,18,8,9,10,37
1947.20745801162,252,113,74,50,51,22,11,9,13,23
1947.22662296713,230,93,91,20,52,12,11,9,10,18
1947.24578792264,267,56,78,48,41,13,12,7,6,25
1947.26495287815,192,69,73,61,52,13,11,9,2,12
1947.28411783366,221,57,43,35,25,9,6,7,3,18
1947.30328278916,255,90,86,55,40,14,12,11,14,11
1947.32244774467,256,75,52,56,27,24,4,12,17,16
1947.34161270018,250,60,63,56,25,11,6,7,17,16
1947.36077765569,300,51,4,79,33,9,13,7,7,11
1947.3799426112,263,67,44,68,52,15,16,6,7,9
1947.39910756671,226,77,42,70,37,15,9,11,2,17
1947.41827252222,240,67,24,46,33,13,5,5,2,5
1947.43743747773,231,84,32,60,32,11,14,4,7,14
1947.45660243324,262,97,35,57,27,10,14,3,11,4
1947.47576738875,276,88,28,60,36,6,16,12,6,7
1947.49493234426,188,90,27,46,18,7,12,6,2,7
1947.51409729977,287,100,35,90,34,6,7,9,10,13
1947.53326225528,267,111,29,52,26,11,16,6,10,8
1947.55242721079,217,119,23,60,21,18,12,9,9,12
1947.5715921663,233,123,17,63,14,14,9,17,5,2
1947.59075712181,195,64,16,50,16,10,21,5,10,3
1947.60992207732,156,111,14,38,3,10,11,1,3,5
1947.62908703283,203,88,19,68,16,13,16,4,8,7
1947.64825198834,180,97,18,48,15,20,13,5,10,7
1947.66741694385,193,81,12,41,11,16,22,4,8,13
1947.68658189936,177,60,26,64,17,5,29,10,7,3
1947.70574685487,145,86,15,61,20,14,21,1,1,7
1947.72491181038,131,81,5,41,6,6,22,3,17,9
1947.74407676589,117,47,5,35,20,8,18,8,15,3
1947.7632417214,116,48,6,28,10,5,15,6,10,2
1947.78240667691,73,51,1,23,14,10,10,9,11,4
1947.80157163242,87,42,2,23,7,4,29,5,9,7
1947.82073658793,78,61,5,17,7,4,15,12,6,2
1947.83990154344,59,42,5,28,10,12,5,15,2,4
1947.85906649895,73,44,5,29,6,17,12,5,3,7
1947.87823145446,70,39,5,32,7,21,16,7,9,4
1947.89739640997,86,42,9,30,7,29,14,6,6,5
1947.91656136548,105,53,7,27,9,24,14,6,7,2
1947.93572632099,102,52,3,17,1,33,21,13,1,7
1947.9548912765,92,59,5,37,8,53,40,16,5,6
1947.97405623201,122,47,3,26,5,34,41,15,9,8
1947.99322118752,67,31,4,14,1,27,17,3,1,4
1948.01238614303,135,88,6,16,5,40,33,15,14,16
1948.03155109854,163,83,6,20,5,51,48,10,3,6
1948.05071605405,160,103,9,36,11,62,37,1,20,4
1948.06988100956,158,118,3,NA,6,55,35,25,22,10
1948.08904596507,191,130,1,25,7,81,62,17,40,6
1948.10821092058,172,109,10,35,9,52,38,14,13,8
1948.12737587609,193,147,2,22,13,53,51,15,38,14
1948.1465408316,155,152,5,32,9,79,58,32,23,17
1948.16570578711,158,137,4,42,8,84,53,14,45,11
1948.18487074262,217,148,6,40,8,75,71,32,49,17
1948.20403569813,236,216,4,51,14,98,85,43,49,18
1948.22320065364,246,166,5,62,5,84,49,29,59,11
1948.24236560915,192,163,6,43,14,60,41,27,48,9
1948.26153056466,166,123,4,33,21,48,58,24,46,3
1948.28069552017,231,178,5,46,13,74,53,64,39,8
1948.29986047568,286,196,16,74,20,84,72,38,69,8
1948.31902543119,271,272,17,68,37,61,72,47,80,4
1948.3381903867,253,202,4,63,18,57,54,40,75,14
1948.35735534221,221,150,15,55,17,40,44,34,89,9
1948.37652029772,217,195,14,31,29,46,50,30,64,13
1948.39568525323,228,156,11,36,19,62,48,28,41,4
1948.41485020874,265,139,12,46,21,49,44,24,43,9
1948.43401516425,243,128,23,46,23,31,47,34,48,15
1948.45318011976,248,152,22,57,46,36,50,38,69,2
1948.47234507527,273,128,35,62,17,34,27,13,58,14
1948.49151003078,217,104,23,54,37,18,33,23,52,2
1948.51067498629,223,108,29,55,41,39,28,32,70,7
1948.5298399418,259,117,44,63,41,28,38,17,39,7
1948.54900489731,258,113,60,73,55,32,51,35,66,7
1948.56816985282,274,107,56,65,59,41,34,22,41,9
1948.58733480833,275,103,73,67,54,20,43,20,45,13
1948.60649976384,263,90,87,71,43,34,19,26,40,8
1948.62566471935,228,118,90,58,85,21,48,18,25,13
1948.64482967486,315,127,103,52,64,32,26,19,38,17
1948.66399463037,248,96,103,49,50,27,17,52,36,14
1948.68315958588,238,109,88,59,76,27,28,29,26,6
1948.70232454139,229,114,108,54,38,15,30,25,26,9
1948.7214894969,166,80,104,52,54,38,19,21,32,16
1948.74065445241,170,107,109,32,39,18,16,13,34,10
1948.75981940792,157,85,110,37,18,21,25,32,20,3
1948.77898436343,127,63,98,55,33,18,14,21,22,11
1948.79814931894,146,73,92,63,22,13,13,26,14,9
1948.81731427445,120,73,120,42,33,11,12,18,18,9
1948.83647922996,127,56,126,47,41,17,10,7,18,7
1948.85564418547,111,60,140,58,31,19,10,15,12,12
1948.87480914098,152,76,188,64,27,8,4,18,19,5
1948.89397409649,168,99,182,35,25,9,12,24,12,19
1948.913139052,162,58,163,54,31,5,11,34,13,7
1948.93230400751,141,82,178,76,35,13,9,17,22,10
1948.95146896302,187,80,213,50,42,9,11,29,10,13
1948.97063391853,154,71,169,69,41,11,6,19,9,13
1948.98979887404,100,59,91,41,33,10,7,19,10,6
1949.00896382955,133,89,176,72,19,13,6,12,12,19
1949.02812878506,168,76,155,39,54,11,6,27,15,17
1949.04729374057,172,139,200,69,64,17,5,21,18,14
1949.06645869608,195,136,196,92,49,7,4,27,22,39
1949.08562365159,168,111,184,89,57,8,3,29,24,34
1949.1047886071,176,128,180,85,66,6,6,33,24,54
1949.12395356261,212,124,181,66,65,12,9,22,23,57
1949.14311851812,191,108,159,104,73,10,4,35,15,31
1949.16228347363,195,115,149,82,60,11,6,14,22,39
1949.18144842914,218,96,133,66,39,7,2,20,23,29
1949.20061338465,189,95,131,65,52,9,5,9,36,34
1949.21977834016,221,96,89,65,42,17,5,12,16,23
1949.23894329567,181,102,119,75,56,8,2,9,27,16
1949.25810825118,247,132,103,86,45,4,13,10,28,28
1949.27727320669,171,135,70,80,41,6,11,9,39,15
1949.2964381622,194,105,44,84,44,9,8,13,24,29
1949.31560311771,157,97,61,71,24,6,8,18,34,32
1949.33476807322,167,160,72,63,73,6,12,9,40,28
1949.35393302873,196,154,46,70,53,8,6,14,36,25
1949.37309798424,183,169,26,76,38,14,17,12,33,30
1949.39226293975,155,155,46,72,61,9,13,10,51,23
1949.41142789526,141,160,40,96,45,8,12,4,28,25
1949.43059285077,111,78,36,77,38,5,5,4,36,19
1949.44975780628,102,108,24,49,31,9,13,4,23,6
1949.46892276179,111,128,32,66,49,11,14,4,29,6
1949.4880877173,90,138,23,67,49,6,4,7,40,11
1949.50725267281,110,146,13,56,37,4,5,6,40,9
1949.52641762832,92,131,15,60,42,8,4,4,34,2
1949.54558258383,84,105,16,63,48,7,7,8,37,6
1949.56474753934,86,124,32,37,56,7,9,6,45,1
1949.58391249485,84,94,15,29,39,4,3,4,44,7
1949.60307745036,74,135,10,41,34,2,7,5,44,4
1949.62224240587,82,114,10,35,22,23,5,2,33,4
1949.64140736138,82,123,19,56,31,12,2,1,28,10
1949.66057231689,79,132,9,48,21,18,0,0,40,5
1949.6797372724,77,95,13,50,19,18,4,0,17,2
1949.69890222791,60,81,11,26,23,11,7,4,24,1
1949.71806718342,48,79,9,20,18,18,4,7,14,1
1949.73723213893,39,85,13,37,23,18,6,0,24,1
1949.75639709444,43,44,3,25,20,4,4,4,11,3
1949.77556204995,31,44,3,17,22,14,17,2,23,2
1949.79472700546,51,45,4,29,13,7,6,2,12,3
1949.81389196097,26,50,13,12,15,11,5,1,10,1
1949.83305691648,31,25,11,24,14,12,7,3,4,2
1949.85222187198,26,51,10,28,13,12,5,1,6,4
1949.87138682749,22,51,4,27,16,8,14,0,6,3
1949.890551783,35,71,8,22,14,12,12,3,6,3
1949.90971673851,43,63,10,30,13,19,5,6,2,4
1949.92888169402,36,52,6,12,19,11,8,2,6,2
1949.94804664953,33,54,9,21,15,11,6,2,3,2
1949.96721160504,32,44,11,25,18,11,8,8,4,2
1949.98637656055,39,59,3,46,24,14,6,2,10,2
1950.00554151606,34,69,8,20,27,11,10,3,5,3
1950.02470647157,61,106,7,42,28,10,13,2,8,13
1950.04387142708,59,116,12,71,38,19,20,8,9,8
1950.06303638259,88,122,11,64,29,12,22,7,11,12
1950.0822013381,77,101,10,75,45,15,19,12,11,10
1950.10136629361,52,85,16,53,50,22,24,6,14,10
1950.12053124912,72,90,22,55,33,24,29,6,15,6
1950.13969620463,68,107,7,49,44,14,39,4,8,12
1950.15886116014,78,113,12,51,44,30,21,8,14,4
1950.17802611565,75,95,20,88,32,15,35,9,15,16
1950.19719107116,77,103,16,60,36,26,48,4,10,5
1950.21635602667,70,127,20,52,54,46,46,6,21,15
1950.23552098218,93,184,22,71,58,51,38,10,26,9
1950.25468593769,116,183,15,64,73,79,55,8,33,5
1950.2738508932,102,136,27,83,64,78,28,12,13,5
1950.29301584871,110,204,21,55,75,56,50,15,24,27
1950.31218080422,108,184,19,86,68,95,73,19,41,9
1950.33134575973,144,213,31,87,95,100,67,13,39,12
1950.35051071524,167,221,32,101,84,125,88,23,36,13
1950.36967567075,203,181,40,84,96,127,109,15,26,24
1950.38884062626,176,206,31,90,88,134,76,28,23,10
1950.40800558177,172,176,43,89,52,91,70,39,28,11
1950.42717053728,139,114,53,61,63,58,73,30,32,12
1950.44633549279,168,153,59,58,68,88,107,56,27,9
1950.4655004483,199,190,49,108,54,85,182,55,32,11
1950.48466540381,211,167,57,109,74,77,135,53,32,12
1950.50383035932,234,176,58,123,71,90,151,41,33,12
1950.52299531483,233,161,73,125,46,89,122,38,20,11
1950.54216027034,256,156,81,123,48,101,137,56,66,3
1950.56132522585,303,148,84,104,41,121,90,49,29,24
1950.58049018136,268,126,78,99,43,104,127,44,21,12
1950.59965513687,282,134,56,79,49,109,105,51,30,15
1950.61882009238,253,100,73,104,40,63,72,23,30,10
1950.63798504789,336,103,68,116,60,79,104,39,34,9
1950.6571500034,354,110,80,109,57,62,82,42,35,25
1950.67631495891,325,73,116,85,46,65,63,51,27,11
1950.69547991442,280,119,94,106,43,54,97,23,46,23
1950.71464486993,267,69,83,102,52,58,69,45,29,11
1950.73380982544,234,49,97,84,38,35,59,39,25,10
1950.75297478095,225,55,95,65,28,36,35,22,22,6
1950.77213973646,255,53,79,65,32,22,18,24,23,3
1950.79130469197,231,44,113,52,25,41,25,36,47,8
1950.81046964748,251,46,131,66,21,36,18,21,19,13
1950.82963460299,295,41,131,99,30,41,20,28,31,15
1950.8487995585,305,76,162,67,18,38,16,20,24,8
1950.86796451401,285,76,199,79,13,51,27,28,33,7
1950.88712946952,340,88,173,82,27,29,33,40,47,18
1950.90629442503,376,98,173,85,16,19,27,30,26,12
1950.92545938054,417,85,185,77,23,37,29,37,36,20
1950.94462433605,394,86,183,87,22,25,20,52,31,13
1950.96378929156,424,98,171,93,32,35,32,33,10,12
1950.98295424707,360,78,150,69,31,28,20,24,24,19
1951.00211920258,325,81,121,59,16,18,17,33,21,7
1951.02128415809,521,127,127,74,36,27,12,49,25,21
1951.0404491136,490,98,159,75,26,31,22,35,20,24
1951.05961406911,452,114,121,54,31,19,15,26,14,37
1951.07877902462,464,104,160,59,18,28,21,38,25,31
1951.09794398013,428,132,232,99,22,33,14,36,11,14
1951.11710893564,394,104,215,94,28,21,17,38,34,27
1951.13627389115,404,97,144,55,23,24,40,37,20,43
1951.15543884666,425,132,144,95,12,34,25,43,31,38
1951.17460380217,396,115,141,108,36,17,36,23,32,41
1951.19376875768,420,100,104,88,24,26,28,34,30,27
1951.21293371319,402,105,136,70,22,15,25,47,16,25
1951.2320986687,260,74,110,59,53,11,39,14,39,18
1951.25126362421,198,69,108,44,10,21,16,20,28,24
1951.27042857972,247,85,91,77,47,20,35,17,23,27
1951.28959353523,272,97,126,59,22,21,24,18,13,21
1951.30875849074,209,84,76,64,33,10,27,23,24,17
1951.32792344625,248,114,94,72,36,6,32,23,32,13
1951.34708840176,218,88,100,60,23,6,32,21,25,11
1951.36625335727,161,103,79,33,29,18,20,18,25,25
1951.38541831278,122,66,83,32,12,17,20,22,20,9
1951.40458326829,174,91,77,42,24,13,28,12,17,13
1951.4237482238,178,84,59,47,32,16,25,26,42,10
1951.44291317931,207,100,55,33,31,17,36,22,30,9
1951.46207813482,190,130,58,34,49,13,33,21,40,8
1951.48124309033,184,102,47,40,54,21,44,41,51,5
1951.50040804584,186,134,50,36,35,21,33,28,32,8
1951.51957300135,205,106,57,37,44,27,57,29,46,6
1951.53873795686,193,143,38,34,44,22,44,2,24,13
1951.55790291237,185,110,40,33,54,18,56,21,65,9
1951.57706786788,171,116,37,20,59,23,51,46,51,10
1951.59623282339,146,121,36,25,55,23,53,29,75,6
1951.6153977789,135,119,30,23,23,14,49,27,72,10
1951.63456273441,154,135,41,34,33,25,46,33,93,6
1951.65372768992,134,151,44,22,49,24,42,29,59,7
1951.67289264543,107,119,34,23,37,20,26,39,74,11
1951.69205760094,124,143,25,29,42,19,32,27,73,3
1951.71122255645,112,107,22,28,31,34,39,27,52,3
1951.73038751196,83,111,26,25,49,14,44,14,81,9
1951.74955246747,90,105,16,32,34,18,56,11,48,3
1951.76871742298,62,85,15,24,15,14,60,25,55,6
1951.78788237849,77,72,24,22,24,11,34,11,30,5
1951.807047334,85,56,26,18,25,19,41,23,22,4
1951.82621228951,48,80,18,15,34,16,33,28,27,2
1951.84537724502,51,44,13,15,15,15,27,14,12,2
1951.86454220053,61,65,23,22,15,19,56,19,23,3
1951.88370715604,62,81,35,22,25,22,39,20,21,3
1951.90287211155,62,80,19,13,12,11,64,16,21,4
1951.92203706706,48,69,19,22,33,26,46,20,19,4
1951.94120202257,61,89,20,31,23,33,55,28,32,3
1951.96036697808,51,98,18,21,22,36,72,23,50,1
1951.97953193359,63,96,33,36,30,38,41,20,30,0
1951.9986968891,73,14,16,22,27,26,40,11,34,2
1952.01786184461,74,102,31,2,41,46,74,16,31,3
1952.03702680012,88,141,25,33,32,56,67,28,31,1
1952.05619175563,82,193,37,25,17,59,52,23,42,3
1952.07535671114,86,180,31,47,43,54,77,16,60,0
1952.09452166665,83,212,35,57,34,47,74,28,36,0
1952.11368662216,91,204,30,29,47,41,54,22,40,1
1952.13285157767,101,192,26,37,18,48,64,34,62,0
1952.15201653318,128,231,14,40,21,41,77,24,41,0
1952.17118148869,116,232,25,62,14,43,83,29,48,0
1952.1903464442,114,205,39,51,21,41,62,14,40,0
1952.20951139971,158,197,26,63,25,36,80,39,24,2
1952.22867635522,131,206,38,81,36,43,54,21,24,1
1952.24784131073,146,183,32,74,43,36,95,17,32,1
1952.26700626624,134,213,28,72,42,55,64,34,34,1
1952.28617122175,129,162,33,48,29,37,57,18,20,3
1952.30533617726,111,180,46,70,35,49,75,15,23,3
1952.32450113277,163,155,50,70,67,46,66,13,15,1
1952.34366608828,177,128,49,61,44,44,57,19,21,2
1952.36283104379,178,211,46,57,40,53,45,29,25,3
1952.38199599929,155,173,42,67,38,77,39,31,31,4
1952.4011609548,165,163,49,69,43,57,43,37,23,6
1952.42032591031,125,132,41,61,51,39,36,18,23,13
1952.43949086582,112,119,46,50,24,41,18,22,13,6
1952.45865582133,106,150,38,72,30,50,20,24,30,11
1952.47782077684,105,134,58,60,34,42,18,23,11,13
1952.49698573235,124,138,58,83,43,43,25,15,50,12
1952.51615068786,104,97,34,73,42,58,33,15,30,11
1952.53531564337,105,114,59,68,52,45,13,19,18,0
1952.55448059888,88,95,33,48,47,31,20,32,15,5
1952.57364555439,97,100,36,56,40,25,12,24,39,5
1952.5928105099,110,110,45,53,40,27,17,23,27,7
1952.61197546541,97,69,34,44,35,26,29,19,6,6
1952.63114042092,100,60,65,70,43,28,9,25,7,8
1952.65030537643,75,77,75,41,23,27,9,33,11,21
1952.66947033194,83,64,64,56,44,21,13,23,14,9
1952.68863528745,132,90,96,86,19,11,13,20,13,16
1952.70780024296,90,49,62,60,18,33,22,34,11,9
1952.72696519847,77,66,59,48,17,21,12,15,10,8
1952.74613015398,81,30,48,33,14,14,10,11,13,9
1952.76529510949,86,40,45,41,24,12,12,21,12,9
1952.784460065,57,28,45,33,14,12,5,29,4,4
1952.80362502051,63,36,44,35,26,13,7,25,6,17
1952.82278997602,77,31,63,29,25,16,7,16,11,6
1952.84195493153,77,41,64,34,23,24,10,24,4,19
1952.86111988704,80,39,85,28,13,18,12,16,10,15
1952.88028484255,113,52,100,30,19,14,5,28,8,15
1952.89944979806,108,48,85,34,12,14,12,43,5,23
1952.91861475357,148,78,94,32,24,26,5,12,6,31
1952.93777970908,104,57,100,40,29,34,10,24,4,23
1952.95694466459,75,35,72,33,33,20,18,32,2,25
1952.9761096201,90,43,61,41,29,23,10,29,5,25
1952.99527457561,73,23,62,44,17,15,11,31,1,7
1953.01443953112,109,64,89,51,30,34,18,27,8,29
1953.03360448663,121,42,130,47,27,28,34,19,0,36
1953.05276944214,99,58,133,61,23,32,19,35,4,23
1953.07193439765,143,60,141,66,22,52,17,34,7,49
1953.09109935316,153,56,201,77,21,29,24,27,7,61
1953.11026430867,131,50,203,69,36,29,26,28,0,30
1953.12942926418,96,37,168,41,15,25,12,17,3,44
1953.14859421969,121,64,171,38,19,14,26,25,2,15
1953.1677591752,149,46,202,46,29,24,28,32,3,21
1953.18692413071,187,70,159,68,18,38,34,34,13,30
1953.20608908622,178,74,153,47,18,38,30,41,16,38
1953.22525404173,202,59,191,57,27,29,33,16,11,24
1953.24441899724,260,97,227,43,19,44,13,15,8,23
1953.26358395275,148,115,198,44,23,19,26,24,20,30
1953.28274890826,178,79,181,34,22,31,34,28,17,18
1953.30191386377,181,97,214,55,29,36,30,33,11,24
1953.32107881928,237,112,168,39,34,34,43,24,22,31
1953.34024377479,239,111,190,35,33,44,35,17,28,26
1953.3594087303,247,117,193,51,43,46,25,43,27,45
1953.37857368581,244,103,142,50,38,40,39,34,55,45
1953.39773864132,213,114,115,44,31,41,61,23,50,35
1953.41690359683,228,85,87,26,32,25,40,18,33,22
1953.43606855234,178,106,56,23,36,33,35,27,43,15
1953.45523350785,306,171,79,43,50,40,34,25,45,19
1953.47439846336,344,205,73,38,58,61,69,43,64,15
1953.49356341887,349,204,73,54,78,51,65,37,77,15
1953.51272837438,355,228,70,54,78,55,71,29,96,25
1953.53189332989,374,176,73,70,49,52,85,44,51,14
1953.5510582854,384,200,46,75,42,56,69,31,79,18
1953.57022324091,389,179,66,49,71,49,77,15,109,21
1953.58938819642,347,190,41,42,48,31,69,26,81,8
1953.60855315193,349,148,50,41,47,37,52,32,65,16
1953.62771810744,428,174,44,46,61,45,64,21,94,35
1953.64688306295,394,196,34,30,57,37,56,17,60,14
1953.66604801846,402,200,33,40,52,52,44,18,48,30
1953.68521297397,354,180,45,45,60,54,63,5,43,9
1953.70437792948,280,201,35,40,39,35,47,24,53,12
1953.72354288499,281,179,19,43,72,27,34,12,55,14
1953.7427078405,190,158,28,50,26,27,26,13,39,26
1953.76187279601,142,117,18,37,23,27,26,4,26,13
1953.78103775152,167,83,28,33,33,23,30,4,29,6
1953.80020270703,127,67,21,16,23,21,20,5,48,3
1953.81936766254,130,61,21,21,22,39,20,8,18,18
1953.83853261805,98,63,24,16,23,20,26,11,36,12
1953.85769757356,135,98,17,20,20,21,49,7,15,8
1953.87686252907,126,104,12,21,23,31,15,10,33,4
1953.89602748458,106,118,24,37,35,29,33,3,22,14
1953.91519244009,114,113,20,16,27,39,38,6,23,8
1953.9343573956,131,132,25,25,14,28,46,7,22,5
1953.95352235111,124,112,13,29,16,24,33,19,35,7
1953.97268730662,101,86,20,21,12,10,27,7,29,8
1953.99185226213,56,57,9,13,17,11,23,1,6,3
1954.01101721764,84,133,33,26,15,16,19,11,18,6
1954.03018217315,83,89,18,53,23,21,33,12,51,12
1954.04934712866,97,159,28,48,18,10,30,10,25,14
1954.06851208417,85,108,24,32,18,16,18,13,20,9
1954.08767703968,83,105,11,52,24,27,14,14,15,11
1954.10684199519,45,103,18,51,9,21,23,11,25,11
1954.1260069507,76,100,29,39,14,14,19,8,5,7
1954.14517190621,71,110,15,47,23,24,30,14,18,7
1954.16433686172,72,107,17,30,18,20,26,10,17,3
1954.18350181723,94,96,19,30,24,22,36,15,21,4
1954.20266677274,75,96,23,43,34,23,27,28,44,3
1954.22183172825,104,97,29,38,23,23,29,21,17,5
1954.24099668376,93,116,23,47,19,13,54,20,19,8
1954.26016163927,105,90,26,34,30,15,42,40,38,2
1954.27932659478,102,127,15,56,36,18,22,13,19,5
1954.29849155029,69,76,23,15,27,24,47,14,21,2
1954.3176565058,63,65,20,65,21,26,25,12,42,0
1954.33682146131,88,103,32,28,20,17,29,23,18,25
1954.35598641682,98,90,28,42,20,17,40,18,29,6
1954.37515137233,85,131,47,43,31,11,17,22,29,12
1954.39431632784,104,112,64,43,1,19,19,13,15,4
1954.41348128335,81,99,36,26,31,29,22,19,35,5
1954.43264623886,76,88,30,32,18,18,27,28,24,12
1954.45181119437,53,59,25,27,20,19,11,20,7,10
1954.47097614988,86,78,19,40,15,25,23,13,38,1
1954.49014110539,102,55,41,23,17,19,30,26,13,3
1954.5093060609,84,102,50,33,11,23,19,24,22,25
1954.52847101641,98,75,40,23,7,12,20,18,5,4
1954.54763597192,109,76,32,29,14,12,33,24,27,14
1954.56680092743,112,54,44,37,12,14,22,21,12,6
1954.58596588294,90,80,36,35,8,19,14,49,3,1
1954.60513083845,76,53,23,24,8,4,26,44,2,8
1954.62429579396,92,69,38,10,5,11,7,30,2,11
1954.64346074947,100,84,43,32,9,11,24,25,8,11
1954.66262570498,92,74,64,32,4,6,25,52,7,21
1954.68179066049,109,89,68,44,10,16,15,53,7,16
1954.700955616,109,83,55,46,4,9,11,32,8,16
1954.72012057151,67,59,67,43,18,26,11,23,16,9
1954.73928552702,84,58,45,21,8,16,11,18,11,11
1954.75845048253,66,56,43,23,8,10,17,41,7,11
1954.77761543804,64,29,37,12,2,6,4,14,2,7
1954.79678039355,80,29,32,20,12,7,8,13,8,8
1954.81594534906,86,50,34,17,6,10,18,10,9,7
1954.83511030457,90,47,58,14,9,18,8,10,7,7
1954.85427526008,98,77,55,17,11,9,15,4,8,4
1954.87344021559,103,59,37,18,20,17,14,9,6,20
1954.8926051711,119,50,49,21,12,9,20,5,4,12
1954.91177012661,155,101,55,32,16,10,12,24,4,22
1954.93093508211,127,41,55,34,5,11,17,18,6,13
1954.95010003762,123,63,59,16,13,12,15,11,2,18
1954.96926499313,106,30,63,21,9,7,12,23,7,16
1954.98842994864,89,39,28,9,5,13,12,7,4,10
1955.00759490415,108,22,63,20,2,7,13,15,4,10
1955.02675985966,120,33,51,16,10,18,33,17,6,15
1955.04592481517,156,53,45,10,7,20,30,12,17,9
1955.06508977068,143,27,43,11,11,29,19,23,7,25
1955.08425472619,169,69,69,26,10,22,32,11,5,14
1955.1034196817,162,65,66,16,22,27,43,19,11,23
1955.12258463721,137,50,55,25,13,32,23,19,1,21
1955.14174959272,151,53,49,11,6,18,22,9,8,15
1955.16091454823,125,53,46,14,8,24,27,5,7,13
1955.18007950374,145,48,56,19,16,19,26,13,6,18
1955.19924445925,139,61,48,21,7,27,25,12,3,7
1955.21840941476,154,66,41,25,8,24,25,11,2,21
1955.23757437027,128,52,31,26,11,17,23,18,3,13
1955.25673932578,156,75,51,19,4,28,33,19,0,12
1955.27590428129,75,60,42,14,7,15,21,13,0,13
1955.2950692368,88,46,25,12,6,15,23,11,3,18
1955.31423419231,114,60,54,6,8,26,23,11,1,3
1955.33339914782,115,81,60,12,9,16,18,14,10,8
1955.35256410333,103,72,67,19,17,43,21,9,3,20
1955.37172905884,75,55,46,17,19,41,38,13,1,22
1955.39089401435,91,42,68,15,3,21,7,6,15,22
1955.41005896986,71,66,42,17,13,18,13,13,4,12
1955.42922392537,60,51,NA,12,6,14,29,5,4,20
1955.44838888088,82,65,57,13,21,36,23,3,5,13
1955.46755383639,51,70,51,20,9,32,17,17,5,26
1955.4867187919,95,60,65,24,12,25,31,7,1,24
1955.50588374741,91,61,77,24,15,18,17,6,6,24
1955.52504870292,81,56,108,13,18,21,18,9,7,19
1955.54421365843,50,63,77,17,13,14,16,10,7,20
1955.56337861394,91,70,69,35,14,13,15,17,7,16
1955.58254356945,74,73,84,36,17,20,33,22,23,25
1955.60170852496,83,43,68,31,10,13,12,19,14,17
1955.62087348047,82,72,79,23,15,11,15,25,14,23
1955.64003843598,75,81,62,36,18,17,12,23,15,20
1955.65920339149,81,79,69,40,12,10,16,3,27,11
1955.678368347,63,71,57,45,20,18,13,10,16,19
1955.69753330251,84,61,48,42,21,31,12,5,6,14
1955.71669825802,46,60,37,39,16,10,16,9,12,10
1955.73586321353,58,55,28,28,9,11,15,8,13,6
1955.75502816904,55,71,17,19,10,8,9,5,16,7
1955.77419312455,43,27,14,17,5,16,14,19,5,2
1955.79335808006,52,47,16,10,7,7,5,7,9,6
1955.81252303557,38,49,25,17,4,8,3,1,10,5
1955.83168799108,72,25,17,14,4,1,8,5,10,9
1955.85085294659,44,26,22,12,7,5,12,5,7,12
1955.8700179021,62,51,24,20,8,5,13,12,10,8
1955.88918285761,59,66,28,31,10,3,10,15,11,9
1955.90834781312,70,69,20,28,12,10,16,3,16,14
1955.92751276863,80,46,13,31,8,5,11,4,5,9
1955.94667772414,93,59,33,27,8,3,16,0,4,15
1955.96584267965,71,64,33,21,5,8,20,12,10,10
1955.98500763516,38,42,31,24,14,6,12,3,2,10
1956.00417259067,60,42,30,21,2,5,8,4,5,7
1956.02333754618,73,71,34,22,18,3,18,10,5,13
1956.04250250169,67,48,48,59,15,6,15,21,3,16
1956.0616674572,54,59,29,42,29,7,14,13,8,27
1956.08083241271,90,56,29,38,17,4,12,13,6,25
1956.09999736822,77,49,39,58,16,6,13,10,10,23
1956.11916232373,69,36,25,48,26,3,23,17,8,22
1956.13832727924,64,61,19,33,9,0,9,10,10,15
1956.15749223475,47,62,23,33,14,1,13,12,3,9
1956.17665719026,66,62,15,34,26,1,7,12,18,9
1956.19582214577,68,63,22,34,37,1,12,28,7,16
1956.21498710128,70,73,32,35,20,2,15,34,11,14
1956.23415205679,87,86,32,24,28,4,21,8,4,9
1956.2533170123,60,101,18,32,33,6,9,17,NA,6
1956.27248196781,86,104,33,34,22,4,14,12,11,25
1956.29164692332,74,125,29,36,28,2,8,18,13,31
1956.31081187883,75,128,60,38,30,6,18,36,14,22
1956.32997683434,109,114,50,53,24,7,22,16,18,25
1956.34914178985,81,148,70,41,34,11,13,17,30,40
1956.36830674536,76,88,55,44,26,12,12,26,18,30
1956.38747170087,77,130,30,34,28,8,5,43,24,28
1956.40663665638,68,118,53,43,12,26,19,15,20,14
1956.42580161189,94,117,41,45,52,12,1,18,41,14
1956.4449665674,97,146,59,32,27,23,4,20,25,16
1956.46413152291,103,134,77,28,51,28,8,30,36,12
1956.48329647842,104,113,72,40,36,36,16,46,33,27
1956.50246143393,142,127,66,34,43,36,22,16,44,22
1956.52162638944,175,157,81,30,40,44,26,26,0,26
1956.54079134495,132,169,65,26,41,34,21,25,107,54
1956.55995630046,132,160,67,41,42,33,20,63,31,52
1956.57912125597,208,147,66,25,27,35,32,9,72,24
1956.59828621148,191,110,55,26,27,35,12,28,51,27
1956.61745116699,165,96,81,18,42,23,11,19,81,26
1956.6366161225,180,112,74,51,18,54,13,25,69,43
1956.65578107801,197,96,67,48,34,39,20,28,30,31
1956.67494603352,190,103,70,29,37,29,22,28,20,16
1956.69411098903,179,90,69,27,31,26,14,28,40,30
1956.71327594454,176,75,76,47,29,30,13,39,41,29
1956.73244090005,141,67,56,34,32,28,14,19,26,19
1956.75160585556,100,60,59,23,18,30,6,19,45,22
1956.77077081107,101,56,40,27,24,19,15,8,20,9
1956.78993576658,90,43,64,25,16,27,14,6,28,10
1956.80910072209,89,51,40,25,18,13,9,11,33,13
1956.8282656776,98,51,33,19,17,29,4,10,26,9
1956.84743063311,83,52,39,39,20,12,9,7,26,8
1956.86659558862,81,41,58,31,14,21,9,13,42,7
1956.88576054413,101,56,43,28,22,29,11,9,34,22
1956.90492549964,115,81,52,22,24,46,7,11,20,14
1956.92409045515,82,56,56,35,40,15,14,10,47,9
1956.94325541066,119,74,56,30,23,18,11,13,33,9
1956.96242036617,101,42,56,23,27,27,5,23,22,29
1956.98158532168,87,48,34,29,16,22,15,10,32,12
1957.00075027719,53,37,31,17,12,16,5,19,21,9
1957.0199152327,126,49,50,21,21,28,11,11,34,14
1957.03908018821,122,83,67,44,15,32,14,5,17,12
1957.05824514372,121,72,65,42,17,41,13,23,31,9
1957.07741009923,154,78,58,40,15,40,20,15,17,19
1957.09657505474,173,68,74,37,15,36,37,8,31,18
1957.11574001025,164,96,71,51,11,27,30,10,28,10
1957.13490496576,157,94,59,45,16,28,30,11,31,19
1957.15406992127,158,86,49,30,17,27,31,21,19,15
1957.17323487678,132,64,63,23,14,33,33,12,24,8
1957.19239983229,189,83,49,30,17,34,57,6,20,11
1957.2115647878,149,89,69,33,16,29,58,5,22,20
1957.23072974331,141,60,62,38,19,31,39,7,23,5
1957.24989469882,148,39,66,47,16,34,51,6,13,8
1957.26905965433,137,69,58,37,21,23,40,3,16,7
1957.28822460984,130,71,55,35,31,34,41,6,20,17
1957.30738956535,93,51,41,49,12,31,39,2,15,13
1957.32655452086,84,53,37,37,12,20,31,2,13,11
1957.34571947637,77,68,42,45,19,44,36,10,12,7
1957.36488443188,88,45,73,48,9,40,41,6,8,10
1957.38404938739,101,51,39,47,30,22,35,6,7,7
1957.4032143429,95,53,48,29,7,28,33,14,8,12
1957.42237929841,69,49,49,21,20,27,21,3,6,21
1957.44154425392,65,28,59,12,7,22,25,2,14,6
1957.46070920942,39,26,39,14,3,22,19,2,9,13
1957.47987416493,46,39,26,17,16,28,22,9,5,10
1957.49903912044,49,25,34,12,6,18,16,9,5,5
1957.51820407595,60,39,35,20,9,21,7,1,6,14
1957.53736903146,69,37,43,14,17,14,12,4,9,11
1957.55653398697,50,25,41,14,13,14,9,2,5,5
1957.57569894248,68,22,24,10,10,10,13,6,8,10
1957.59486389799,49,28,20,17,11,10,15,0,2,4
1957.6140288535,43,32,21,13,7,4,7,3,1,5
1957.63319380901,55,28,16,7,22,4,6,0,8,0
1957.65235876452,46,30,18,4,15,9,7,1,6,3
1957.67152372003,54,23,10,8,6,3,10,1,5,0
1957.69068867554,75,33,19,9,8,15,8,1,2,0
1957.70985363105,50,27,17,8,11,2,6,7,2,3
1957.72901858656,46,32,11,6,9,7,6,0,2,5
1957.74818354207,48,18,8,4,2,4,13,2,1,1
1957.76734849758,29,22,9,2,7,0,4,1,2,1
1957.78651345309,17,14,2,4,1,4,5,0,0,2
1957.8056784086,20,16,4,4,1,4,5,0,0,2
1957.82484336411,22,16,5,0,5,0,5,0,0,1
1957.84400831962,9,11,5,8,1,2,4,2,0,4
1957.86317327513,17,9,9,10,1,3,1,0,0,2
1957.88233823064,26,21,3,4,6,1,5,0,0,1
1957.90150318615,28,16,8,2,4,3,9,0,0,1
1957.92066814166,27,22,8,7,4,1,12,1,1,0
1957.93983309717,24,25,8,2,4,4,7,2,0,0
1957.95899805268,23,19,2,3,7,1,3,1,3,0
1957.97816300819,33,22,5,2,4,1,4,2,4,0
1957.9973279637,5,18,3,0,4,0,2,1,3,0
1958.01649291921,47,28,1,2,3,1,9,1,1,0
1958.03565787472,17,25,4,3,6,1,4,0,1,0
1958.05482283023,20,20,5,1,16,0,9,0,0,2
1958.07398778574,36,36,1,2,8,3,13,2,4,1
1958.09315274125,41,53,3,5,12,0,3,4,0,9
1958.11231769676,38,25,3,8,16,0,2,0,4,11
1958.13148265227,30,53,4,2,12,4,1,2,0,1
1958.15064760778,31,28,6,3,19,2,9,1,1,2
1958.16981256329,26,30,0,2,1,1,2,2,0,4
1958.1889775188,38,49,3,5,9,1,3,1,2,1
1958.20814247431,25,13,8,5,6,3,6,1,2,0
1958.22730742982,25,23,3,6,6,3,6,2,0,0
1958.24647238533,27,35,5,8,5,3,4,0,2,1
1958.26563734084,30,22,1,3,1,2,3,2,0,6
1958.28480229635,33,32,0,3,5,1,7,1,1,3
1958.30396725186,21,20,1,4,10,1,10,0,4,1
1958.32313220737,28,52,2,5,9,1,5,3,0,5
1958.34229716288,27,51,7,2,11,0,8,5,3,3
1958.36146211839,21,53,1,7,8,0,7,3,2,3
1958.3806270739,40,55,5,3,8,3,4,6,1,2
1958.39979202941,31,46,3,3,8,1,5,0,0,4
1958.41895698492,14,48,5,3,9,0,6,1,1,2
1958.43812194043,43,52,4,2,5,1,1,4,0,2
1958.45728689594,37,53,8,4,9,2,8,4,2,3
1958.47645185145,21,40,11,4,14,1,8,3,0,1
1958.49561680696,42,50,7,1,15,2,3,3,0,0
1958.51478176247,33,44,11,3,16,9,4,6,0,0
1958.53394671798,39,34,9,7,20,2,5,3,1,1
1958.55311167349,34,49,5,2,30,0,1,9,0,0
1958.572276629,37,43,14,2,28,4,2,1,0,0
1958.59144158451,26,29,13,2,16,1,1,1,0,1
1958.61060654002,33,68,4,4,24,1,5,5,1,0
1958.62977149553,37,54,6,2,27,2,6,2,2,1
1958.64893645104,36,30,31,4,20,6,5,1,1,0
1958.66810140655,53,65,16,4,24,1,2,6,1,1
1958.68726636206,45,56,23,7,20,6,5,5,3,0
1958.70643131757,38,56,14,7,30,1,3,0,2,0
1958.72559627308,36,44,20,9,28,9,5,2,5,1
1958.74476122859,41,54,19,4,18,3,3,1,6,0
1958.7639261841,20,30,14,7,18,3,2,13,1,1
1958.78309113961,26,23,13,4,12,1,3,2,3,1
1958.80225609512,15,21,15,6,12,2,3,1,2,0
1958.82142105063,36,28,10,6,12,1,0,5,5,1
1958.84058600614,21,16,15,7,6,4,9,0,1,0
1958.85975096165,31,6,15,5,13,5,3,10,1,0
1958.87891591716,40,26,18,7,11,4,1,8,1,1
1958.89808087267,32,23,17,3,18,1,2,4,3,1
1958.91724582818,29,26,18,4,20,5,4,7,2,3
1958.93641078369,14,25,18,4,14,2,5,1,3,0
1958.9555757392,29,27,16,6,9,1,2,6,0,1
1958.97474069471,27,34,8,2,15,3,3,2,1,0
1958.99390565022,21,7,6,6,11,2,7,2,1,0
1959.01307060573,11,34,11,3,13,2,8,0,2,5
1959.03223556124,18,38,9,11,13,2,2,2,1,2
1959.05140051675,18,40,7,9,9,1,2,5,0,0
1959.07056547226,24,56,7,6,20,4,3,3,4,0
1959.08973042777,27,63,23,10,27,6,9,16,1,0
1959.10889538328,26,40,16,12,42,5,5,6,1,5
1959.12806033879,26,36,20,12,15,8,8,7,4,2
1959.1472252943,25,7,25,8,35,4,2,3,2,0
1959.16639024981,23,32,19,5,21,4,2,3,5,11
1959.18555520532,28,17,22,11,14,4,6,5,0,2
1959.20472016083,21,55,13,6,14,2,3,3,3,0
1959.22388511634,17,25,14,11,16,2,6,2,1,1
1959.24305007185,21,18,17,6,15,0,8,1,3,5
1959.26221502736,67,42,23,13,15,2,1,7,1,4
1959.28137998287,23,36,20,10,28,0,6,1,5,1
1959.30054493838,24,36,17,19,21,1,10,9,6,5
1959.31970989389,12,40,23,24,10,0,7,11,5,6
1959.3388748494,34,53,17,18,24,2,5,7,6,0
1959.35803980491,31,38,24,28,19,1,3,7,5,2
1959.37720476042,28,30,26,22,19,2,3,4,10,1
1959.39636971593,17,22,16,13,5,1,4,0,9,4
1959.41553467144,15,21,30,25,16,0,2,2,6,1
1959.43469962695,24,17,22,19,22,1,4,7,7,3
1959.45386458246,31,30,18,39,12,1,6,1,5,2
1959.47302953797,35,23,38,45,13,1,8,5,14,8
1959.49219449348,25,19,27,29,16,2,2,10,7,5
1959.51135944899,32,21,18,62,10,3,2,1,5,8
1959.5305244045,26,19,22,32,4,0,0,8,13,3
1959.54968936001,29,25,26,32,6,1,6,3,9,6
1959.56885431552,47,28,22,24,11,4,1,4,8,9
1959.58801927103,21,34,34,54,6,5,6,3,33,7
1959.60718422654,32,16,35,32,12,2,1,1,14,11
1959.62634918205,23,28,68,41,6,1,8,9,12,20
1959.64551413756,29,35,39,49,11,1,2,7,9,18
1959.66467909307,44,32,67,51,23,8,5,8,6,17
1959.68384404858,42,31,49,50,15,12,6,8,16,26
1959.70300900409,50,9,69,33,8,10,3,1,17,13
1959.7221739596,32,19,57,36,7,3,6,5,8,12
1959.74133891511,41,40,54,33,11,5,10,2,22,29
1959.76050387062,37,25,40,30,9,8,8,2,9,4
1959.77966882613,22,12,47,21,3,3,3,1,13,12
1959.79883378164,35,21,38,21,3,1,8,2,19,8
1959.81799873715,36,18,37,13,5,1,3,2,15,17
1959.83716369266,30,19,22,10,1,2,5,3,6,13
1959.85632864817,26,8,38,22,7,2,3,1,13,28
1959.87549360368,49,13,41,23,6,5,5,NA,18,12
1959.89465855919,62,13,26,12,10,0,5,3,17,33
1959.9138235147,50,19,29,17,2,6,4,2,26,28
1959.93298847021,53,19,44,17,3,7,6,0,7,26
1959.95215342572,36,10,17,15,6,6,2,0,21,22
1959.97131838123,40,7,19,9,1,4,3,1,11,22
1959.99048333673,42,5,20,5,5,6,0,1,10,5
1960.00964829224,44,21,34,5,2,2,3,1,15,26
1960.02881324775,74,24,29,7,3,5,5,2,12,10
1960.04797820326,61,24,45,18,7,7,5,6,7,36
1960.06714315877,89,57,38,15,13,5,8,8,15,36
1960.08630811428,114,39,46,24,15,19,2,6,14,19
1960.10547306979,74,37,69,13,7,17,6,4,19,25
1960.1246380253,85,26,45,11,2,11,2,8,36,27
1960.14380298081,58,31,49,14,4,20,5,4,22,15
1960.16296793632,82,34,45,12,4,14,0,1,15,34
1960.18213289183,72,28,39,21,10,9,3,15,20,21
1960.20129784734,49,51,18,16,9,7,2,1,20,11
1960.22046280285,72,46,28,18,4,13,2,2,13,22
1960.23962775836,63,29,18,24,2,16,4,3,10,18
1960.25879271387,86,40,23,23,4,14,8,5,7,19
1960.27795766938,84,51,30,19,4,19,4,2,15,12
1960.29712262489,59,33,20,22,8,14,5,1,8,11
1960.3162875804,55,29,13,28,4,12,2,3,7,6
1960.33545253591,67,33,17,20,14,16,3,2,16,21
1960.35461749142,87,28,31,14,18,35,5,6,20,20
1960.37378244693,121,75,38,18,18,24,6,4,21,23
1960.39294740244,108,44,42,28,14,27,4,3,20,23
1960.41211235795,124,56,42,27,18,30,3,5,15,19
1960.43127731346,112,35,39,23,12,27,3,8,26,11
1960.45044226897,86,18,20,19,21,16,1,9,20,14
1960.46960722448,112,51,46,17,27,48,4,5,17,20
1960.48877217999,123,30,17,14,41,20,0,4,15,21
1960.5079371355,132,47,41,27,43,26,2,2,22,13
1960.52710209101,114,57,29,12,21,21,1,3,9,21
1960.54626704652,113,33,13,17,33,26,7,4,7,13
1960.56543200203,124,31,19,12,26,20,5,5,19,17
1960.58459695754,149,34,23,13,26,13,4,1,13,13
1960.60376191305,141,28,31,7,25,20,5,3,3,12
1960.62292686856,120,34,28,9,16,12,0,3,10,29
1960.64209182407,87,19,25,15,36,22,13,2,9,13
1960.66125677958,149,18,31,15,26,8,12,1,5,8
1960.68042173509,131,25,24,20,35,13,11,2,19,10
1960.6995866906,120,25,26,25,26,12,24,6,14,8
1960.71875164611,146,34,30,21,33,21,31,4,9,14
1960.73791660162,102,27,32,10,14,13,15,3,6,9
1960.75708155713,117,27,23,12,19,19,12,3,5,11
1960.77624651264,90,13,21,23,42,15,21,4,6,7
1960.79541146815,90,16,21,14,25,13,15,4,4,3
1960.81457642366,81,6,15,12,11,3,16,2,7,7
1960.83374137917,84,9,21,19,21,9,6,1,6,6
1960.85290633468,73,19,15,11,13,14,15,16,3,5
1960.87207129019,69,14,28,15,3,3,15,11,4,3
1960.8912362457,73,28,22,21,16,11,12,3,5,7
1960.91040120121,69,18,17,14,21,6,6,4,10,3
1960.92956615672,73,8,21,12,29,14,13,8,0,6
1960.94873111223,81,15,19,14,14,10,11,6,6,4
1960.96789606774,82,14,16,9,25,10,11,19,1,6
1960.98706102325,40,12,12,8,12,2,7,4,3,8
1961.00622597876,40,12,8,9,7,3,15,6,3,7
1961.02539093427,54,18,19,13,27,8,3,7,7,3
1961.04455588978,48,29,13,6,22,4,10,7,5,5
1961.06372084529,42,14,12,6,9,3,9,2,11,9
1961.0828858008,53,20,4,9,7,6,8,2,6,4
1961.10205075631,45,13,10,11,15,9,9,2,9,8
1961.12121571182,25,15,8,10,11,2,8,6,6,2
1961.14038066733,38,7,12,16,14,2,8,3,3,2
1961.15954562284,46,22,9,11,15,1,7,4,7,5
1961.17871057835,34,23,9,20,10,3,9,6,4,2
1961.19787553386,25,10,11,20,13,0,20,4,7,5
1961.21704048937,41,14,6,18,15,1,5,1,6,7
1961.23620544488,31,5,4,11,20,2,12,2,9,12
1961.25537040039,15,7,5,13,7,1,14,5,1,8
1961.2745353559,22,4,19,8,4,1,21,4,4,4
1961.29370031141,23,6,8,7,13,5,6,3,4,1
1961.31286526692,17,9,5,7,15,2,12,1,5,3
1961.33203022243,24,10,18,18,27,4,6,5,4,1
1961.35119517794,20,10,11,8,24,3,15,1,2,6
1961.37036013345,25,13,11,8,12,2,10,10,1,7
1961.38952508896,15,8,7,11,12,0,4,0,5,9
1961.40869004447,14,5,10,8,8,1,5,1,2,1
1961.42785499998,15,6,6,11,7,1,3,6,4,6
1961.44701995549,23,9,8,6,11,1,10,2,1,1
1961.466184911,17,5,11,10,6,0,4,2,2,3
1961.48534986651,9,11,8,6,5,2,5,4,3,0
1961.50451482202,23,11,15,5,4,1,2,3,4,2
1961.52367977753,16,21,6,0,4,4,2,3,4,1
1961.54284473304,11,9,7,3,6,4,0,4,5,1
1961.56200968855,17,11,3,2,4,2,0,0,4,1
1961.58117464406,11,14,6,3,10,0,3,0,8,0
1961.60033959957,21,4,2,4,2,6,2,1,9,0
1961.61950455508,18,7,0,3,2,3,3,0,0,2
1961.63866951059,12,3,4,2,2,0,3,2,1,1
1961.6578344661,9,8,1,2,2,0,5,3,4,1
1961.67699942161,16,5,4,0,3,0,1,1,3,0
1961.69616437712,23,12,4,4,3,0,3,1,2,3
1961.71532933263,27,5,5,3,4,1,2,0,0,6
1961.73449428814,21,5,7,2,6,2,10,2,2,1
1961.75365924365,20,6,6,4,3,1,3,0,6,0
1961.77282419916,10,4,6,2,3,2,2,0,3,2
1961.79198915467,16,10,3,0,10,1,1,2,0,0
1961.81115411018,26,4,2,1,9,1,1,0,0,3
1961.83031906569,8,2,1,2,0,0,0,0,0,3
1961.8494840212,17,6,3,3,2,1,0,0,0,1
1961.86864897671,21,9,4,2,1,0,0,2,2,1
1961.88781393222,21,4,2,3,6,0,2,3,2,1
1961.90697888773,12,14,0,0,3,0,1,1,9,3
1961.92614384324,29,7,2,4,6,0,1,1,4,6
1961.94530879875,7,12,1,1,3,1,4,0,4,0
1961.96447375426,13,6,1,0,2,0,2,0,0,1
1961.98363870977,8,17,4,3,3,0,1,0,4,1
1962.00280366528,8,8,1,6,1,0,2,0,2,2
1962.02196862079,9,6,0,2,2,0,0,0,3,1
1962.0411335763,5,3,1,2,6,0,0,0,0,1
1962.06029853181,4,1,2,1,0,1,3,0,1,0
1962.07946348732,17,0,5,1,3,1,0,0,0,0
1962.09862844283,14,5,0,5,0,0,3,0,6,0
1962.11779339834,9,17,4,4,2,1,1,0,2,0
1962.13695835385,16,7,1,5,1,0,0,0,3,0
1962.15612330936,6,0,0,0,0,2,1,3,1,0
1962.17528826487,13,8,0,0,8,2,0,0,1,0
1962.19445322038,9,8,0,1,3,1,1,1,0,0
1962.21361817589,11,4,1,2,3,1,0,0,0,0
1962.2327831314,10,12,1,0,1,2,0,0,0,0
1962.25194808691,15,8,0,0,3,3,0,1,2,0
1962.27111304242,14,5,3,1,1,0,2,1,3,0
1962.29027799793,12,4,5,1,3,0,0,0,2,0
1962.30944295344,16,3,2,0,4,0,0,0,0,0
1962.32860790895,10,3,0,1,1,0,0,1,4,0
1962.34777286446,13,6,5,0,0,1,4,0,3,0
1962.36693781997,11,5,5,2,0,0,3,0,4,0
1962.38610277548,11,8,1,2,2,0,0,0,2,1
1962.40526773099,17,6,1,0,2,0,2,0,3,0
1962.4244326865,28,9,5,0,1,0,2,2,3,0
1962.44359764201,14,5,4,0,0,0,0,0,0,1
1962.46276259752,4,0,5,0,4,0,3,0,2,0
1962.48192755303,15,7,5,0,3,0,1,2,0,1
1962.50109250854,4,5,2,1,0,0,2,1,3,0
1962.52025746405,9,10,7,1,1,2,2,1,0,0
1962.53942241955,9,9,5,4,1,0,7,0,0,0
1962.55858737506,8,3,8,2,2,0,4,7,0,0
1962.57775233057,19,2,2,0,0,0,4,0,2,0
1962.59691728608,7,16,1,5,0,0,5,0,3,0
1962.61608224159,11,19,3,1,3,0,1,1,0,0
1962.6352471971,10,4,9,0,0,3,6,0,1,1
1962.65441215261,10,2,3,1,0,1,5,10,0,1
1962.67357710812,12,5,6,0,0,0,3,4,2,2
1962.69274206363,16,3,16,3,0,0,4,0,3,0
1962.71190701914,16,10,6,1,1,3,5,0,0,1
1962.73107197465,13,6,3,1,0,1,9,2,3,0
1962.75023693016,19,5,8,0,1,1,6,9,3,0
1962.76940188567,8,11,1,1,0,1,6,0,3,0
1962.78856684118,18,2,9,0,2,0,4,1,0,3
1962.80773179669,9,4,7,1,0,0,7,1,2,6
1962.8268967522,10,2,5,0,2,1,2,0,1,3
1962.84606170771,10,5,9,1,5,0,3,2,1,3
1962.86522666322,14,4,6,2,3,0,2,2,7,1
1962.88439161873,15,9,2,4,5,0,12,4,2,4
1962.90355657424,12,6,9,4,0,0,2,0,0,2
1962.92272152975,10,5,8,2,0,0,13,0,1,4
1962.94188648526,18,18,6,0,3,2,5,4,2,0
1962.96105144077,10,6,4,1,0,1,6,5,0,1
1962.98021639628,11,5,0,3,4,0,5,3,1,0
1962.99938135179,6,4,4,1,0,1,7,2,1,3
1963.0185463073,13,6,8,0,10,2,6,2,0,5
1963.03771126281,13,12,9,0,3,0,4,1,0,0
1963.05687621832,9,6,10,1,3,3,9,1,4,0
1963.07604117383,8,7,11,1,4,1,5,1,0,0
1963.09520612934,14,12,14,1,3,3,6,2,2,4
1963.11437108485,15,8,12,0,1,1,8,4,6,2
1963.13353604036,13,17,14,1,2,0,8,0,4,2
1963.15270099587,10,19,13,4,6,2,10,0,2,1
1963.17186595138,4,15,16,5,0,1,1,0,3,3
1963.19103090689,9,11,15,7,0,2,2,1,6,7
1963.2101958624,6,16,9,3,5,3,7,1,1,0
1963.22936081791,14,15,16,1,6,3,3,1,3,4
1963.24852577342,12,14,21,0,8,5,1,4,1,0
1963.26769072893,15,13,11,1,1,2,2,2,5,2
1963.28685568444,15,6,17,1,1,6,2,0,1,1
1963.30602063995,18,11,18,0,1,1,7,3,2,1
1963.32518559546,16,10,36,1,6,2,6,4,3,4
1963.34435055097,10,21,36,1,1,1,4,1,0,3
1963.36351550648,13,13,38,6,4,0,0,2,5,6
1963.38268046199,6,12,35,2,5,1,9,5,2,2
1963.4018454175,12,16,42,5,3,7,5,4,2,8
1963.42101037301,23,24,21,2,3,6,1,5,0,1
1963.44017532852,21,12,36,0,3,3,5,2,2,3
1963.45934028403,20,25,47,2,7,4,4,3,4,8
1963.47850523954,14,14,46,19,13,4,7,8,2,12
1963.49767019505,35,48,75,4,12,6,6,3,3,8
1963.51683515056,30,25,98,8,22,10,19,4,6,10
1963.53600010607,32,15,62,11,17,9,14,3,8,19
1963.55516506158,30,23,45,28,10,18,5,6,5,16
1963.57433001709,42,8,44,16,22,11,5,17,2,3
1963.5934949726,70,32,59,12,30,17,5,11,6,36
1963.61265992811,44,26,48,12,14,9,7,5,6,31
1963.63182488362,71,34,63,21,18,11,10,6,6,30
1963.65098983913,83,28,37,21,35,11,4,5,10,33
1963.67015479464,73,32,44,24,55,25,6,3,4,58
1963.68931975015,88,51,49,31,40,12,7,5,17,90
1963.70848470566,97,39,67,39,59,22,6,8,15,39
1963.72764966117,120,27,64,47,69,39,12,8,21,64
1963.74681461668,100,30,48,41,69,36,10,14,18,51
1963.76597957219,104,30,44,43,58,27,19,7,13,38
1963.7851445277,88,20,48,50,59,29,6,8,14,24
1963.80430948321,83,27,31,41,35,14,4,2,23,22
1963.82347443872,94,33,29,33,25,23,11,2,16,29
1963.84263939423,131,13,28,50,37,18,2,0,25,55
1963.86180434974,126,14,43,76,66,17,6,6,23,43
1963.88096930525,126,13,49,82,47,31,4,3,38,33
1963.90013426076,139,23,27,0,26,17,5,3,21,49
1963.91929921627,166,31,32,61,30,23,14,7,48,21
1963.93846417178,98,22,16,54,39,24,9,9,20,18
1963.95762912729,78,37,26,54,31,28,11,9,31,31
1963.9767940828,79,25,20,28,23,12,2,5,16,18
1963.99595903831,37,15,9,10,22,14,1,2,11,8
1964.01512399382,50,25,18,39,23,7,5,6,16,33
1964.03428894933,32,7,22,51,15,8,9,3,12,15
1964.05345390484,38,22,23,36,34,13,0,5,52,10
1964.07261886035,39,19,21,39,16,4,1,4,24,11
1964.09178381586,40,24,29,42,32,7,3,2,16,15
1964.11094877137,70,29,16,32,21,11,0,1,30,19
1964.13011372688,30,34,34,38,23,16,1,2,20,7
1964.14927868239,21,19,32,39,31,11,2,4,12,11
1964.1684436379,33,27,18,32,18,2,5,15,37,4
1964.18760859341,44,30,18,21,35,5,4,6,17,6
1964.20677354892,43,16,9,37,22,7,8,4,31,7
1964.22593850443,34,20,13,26,28,7,1,1,24,16
1964.24510345994,26,29,5,14,27,4,6,3,27,1
1964.26426841545,34,10,11,17,10,6,6,2,17,4
1964.28343337096,25,12,10,14,18,7,8,3,19,7
1964.30259832647,26,27,13,9,18,4,8,3,21,3
1964.32176328198,21,18,10,9,25,2,6,1,21,7
1964.34092823749,33,21,17,6,38,6,7,3,15,4
1964.360093193,24,23,22,8,20,10,6,3,16,5
1964.37925814851,26,11,15,9,10,0,12,4,3,2
1964.39842310402,15,18,10,2,12,0,2,1,14,4
1964.41758805953,20,27,19,11,22,9,2,1,8,2
1964.43675301504,18,14,16,10,16,3,13,2,17,2
1964.45591797055,21,6,19,6,13,6,8,3,7,1
1964.47508292606,19,21,24,13,14,3,5,2,8,1
1964.49424788157,21,15,28,5,16,3,2,1,8,0
1964.51341283708,19,18,2,9,17,3,6,0,7,3
1964.53257779259,39,NA,11,10,10,6,6,5,16,0
1964.5517427481,13,7,9,5,9,0,2,5,7,0
1964.57090770361,28,7,12,5,6,2,8,7,9,0
1964.59007265912,20,27,19,8,19,1,15,4,6,1
1964.60923761463,29,8,12,5,1,0,20,2,7,0
1964.62840257014,28,14,8,15,7,2,17,7,1,2
1964.64756752565,30,16,6,5,4,1,4,2,0,4
1964.66673248116,18,17,6,7,5,0,15,2,9,3
1964.68589743667,32,22,14,2,5,3,11,1,6,0
1964.70506239218,30,5,10,7,8,0,10,0,1,0
1964.72422734769,24,12,14,6,3,1,5,2,4,0
1964.7433923032,26,6,11,11,2,5,3,2,4,2
1964.76255725871,49,12,8,3,9,9,11,0,6,0
1964.78172221422,29,7,4,10,7,4,3,0,6,0
1964.80088716973,20,4,1,0,3,3,9,1,4,2
1964.82005212524,14,4,10,7,6,1,2,1,0,1
1964.83921708075,9,3,4,3,3,1,6,0,5,2
1964.85838203626,20,9,3,4,10,0,1,5,1,0
1964.87754699177,17,7,13,1,14,3,9,2,3,0
1964.89671194728,12,4,4,4,1,0,4,0,2,1
1964.91587690279,34,5,5,1,3,3,5,0,1,0
1964.9350418583,20,8,9,5,6,1,5,3,0,1
1964.95420681381,16,8,5,4,10,2,4,0,2,2
1964.97337176932,16,0,4,2,14,4,8,1,1,0
1964.99253672483,14,2,2,2,2,5,0,0,2,1
1965.01170168034,23,4,6,3,4,1,2,1,0,4
1965.03086663585,17,8,1,3,4,2,0,0,8,1
1965.05003159136,12,5,6,2,5,1,3,3,3,3
1965.06919654686,25,8,7,1,3,1,3,0,0,0
1965.08836150237,12,5,4,3,5,2,0,1,2,2
1965.10752645788,17,0,8,3,12,1,4,0,9,2
1965.12669141339,16,2,9,3,14,1,9,0,0,1
1965.1458563689,15,8,10,1,4,4,4,1,5,0
1965.16502132441,21,5,3,4,1,3,0,0,3,4
1965.18418627992,13,2,5,0,9,2,3,2,0,1
1965.20335123543,12,7,13,2,4,2,8,0,0,5
1965.22251619094,13,6,8,2,4,4,3,0,0,0
1965.24168114645,17,6,9,3,7,0,2,0,0,0
1965.26084610196,27,2,10,2,1,1,9,0,5,1
1965.28001105747,28,7,6,1,7,4,2,0,0,1
1965.29917601298,17,7,4,2,4,0,4,0,1,1
1965.31834096849,20,4,6,1,4,2,1,1,0,2
1965.337505924,25,7,12,3,5,2,1,2,1,0
1965.35667087951,20,11,3,1,3,3,4,1,0,0
1965.37583583502,26,5,16,2,4,4,2,3,0,1
1965.39500079053,39,8,8,2,1,2,16,2,0,0
1965.41416574604,31,14,11,0,0,2,2,0,0,0
1965.43333070155,41,8,13,2,2,0,3,0,2,2
1965.45249565706,18,7,7,0,0,2,0,1,0,1
1965.47166061257,23,7,14,0,3,0,0,0,0,4
1965.49082556808,21,5,5,0,0,2,0,0,0,4
1965.50999052359,30,6,9,6,5,3,3,10,0,1
1965.5291554791,27,5,9,5,2,7,2,2,0,7
1965.54832043461,23,8,9,0,3,3,8,1,0,0
1965.56748539012,35,3,8,6,3,11,5,2,8,2
1965.58665034563,28,5,11,1,5,3,3,2,3,4
1965.60581530114,17,5,8,1,1,1,2,0,0,6
1965.62498025665,27,5,5,2,10,6,1,3,0,2
1965.64414521216,22,13,7,1,5,8,1,1,1,3
1965.66331016767,36,16,19,9,1,3,3,2,0,2
1965.68247512318,50,14,5,8,6,6,1,1,1,0
1965.70164007869,51,4,11,6,4,4,1,1,0,7
1965.7208050342,47,24,7,4,5,11,4,1,1,4
1965.73996998971,45,8,11,5,3,14,5,5,2,0
1965.75913494522,48,12,9,5,4,4,6,2,2,4
1965.77829990073,31,9,5,5,7,7,4,3,0,1
1965.79746485624,36,6,15,5,8,11,2,0,1,4
1965.81662981175,33,11,6,9,7,8,3,1,1,0
1965.83579476726,26,8,6,4,0,7,0,3,0,4
1965.85495972277,32,10,13,6,3,7,2,8,2,7
1965.87412467828,41,13,12,6,3,3,3,7,0,2
1965.89328963379,36,9,8,4,3,3,1,2,2,2
1965.9124545893,24,18,3,8,2,2,3,7,0,0
1965.93161954481,51,12,6,9,6,3,4,4,1,2
1965.95078450032,30,9,7,1,9,2,0,10,3,1
1965.96994945583,33,7,5,6,3,8,5,5,0,7
1965.98911441134,46,7,8,14,6,5,7,11,0,0
1966.00827936685,30,17,2,2,4,2,3,7,3,7
1966.02744432236,52,17,3,11,5,8,0,1,1,2
1966.04660927787,26,9,6,3,0,3,2,3,2,2
1966.06577423338,46,12,8,6,7,5,1,11,0,0
1966.08493918889,25,8,11,11,10,13,0,2,0,2
1966.1041041444,50,15,13,5,7,3,3,3,6,5
1966.12326909991,46,11,19,4,6,4,2,7,0,3
1966.14243405542,41,9,6,3,3,7,2,4,1,0
1966.16159901093,38,7,11,5,3,2,0,4,0,0
1966.18076396644,41,6,0,12,10,3,0,5,0,0
1966.19992892195,42,14,11,2,0,2,0,3,0,2
1966.21909387746,39,4,7,1,3,1,2,6,1,0
1966.23825883297,32,17,16,3,2,2,3,7,2,2
1966.25742378848,31,7,6,0,2,9,1,29,2,2
1966.27658874399,38,8,9,4,3,1,0,2,0,2
1966.2957536995,29,4,5,1,3,1,1,3,0,2
1966.31491865501,37,17,6,0,8,2,2,7,0,3
1966.33408361052,25,11,26,2,12,1,0,3,1,0
1966.35324856603,61,8,18,6,10,7,0,7,2,1
1966.37241352154,54,10,24,1,2,4,0,6,0,0
1966.39157847705,50,12,13,3,8,3,7,6,0,3
1966.41074343256,39,12,30,1,6,10,1,7,3,4
1966.42990838807,28,9,23,1,11,6,3,2,0,4
1966.44907334358,37,17,16,8,4,3,1,0,2,1
1966.46823829909,36,16,15,6,11,3,3,3,0,1
1966.4874032546,55,19,25,8,10,5,2,3,0,3
1966.50656821011,68,32,18,0,17,7,0,10,1,3
1966.52573316562,55,25,33,6,14,5,6,6,0,5
1966.54489812113,69,19,27,3,9,12,3,NA,1,8
1966.56406307664,54,14,10,7,16,16,7,0,1,6
1966.58322803215,53,25,26,4,16,8,0,0,2,7
1966.60239298766,55,15,41,6,10,9,1,2,5,5
1966.62155794317,65,14,25,3,6,7,1,4,8,10
1966.64072289868,57,33,37,5,13,11,2,2,7,7
1966.65988785419,75,23,40,1,11,13,3,4,5,9
1966.6790528097,81,32,19,3,15,12,4,0,2,16
1966.69821776521,70,22,46,4,12,25,4,2,4,13
1966.71738272072,64,29,37,8,15,10,6,0,3,15
1966.73654767623,101,45,36,16,16,13,1,1,4,3
1966.75571263174,90,37,23,8,18,17,1,0,10,13
1966.77487758725,88,22,22,9,26,7,5,1,3,3
1966.79404254276,57,25,9,3,9,5,0,0,3,8
1966.81320749827,74,18,10,2,13,9,0,0,3,2
1966.83237245378,53,20,16,3,16,3,1,1,10,12
1966.85153740929,64,12,16,13,12,11,2,5,8,3
1966.8707023648,53,5,19,10,3,6,4,1,3,0
1966.88986732031,67,9,18,17,16,6,3,1,3,3
1966.90903227582,91,24,11,10,13,7,0,1,3,9
1966.92819723133,104,15,18,9,17,9,8,2,2,1
1966.94736218684,115,23,18,12,11,16,9,0,1,5
1966.96652714235,81,22,5,12,9,14,5,0,3,1
1966.98569209786,68,9,10,7,16,4,3,0,7,3
1967.00485705337,52,8,15,1,12,2,2,2,0,0
1967.02402200888,73,14,14,17,11,1,2,5,2,5
1967.04318696439,47,19,16,7,8,7,5,0,6,6
1967.0623519199,65,10,14,6,14,5,0,1,6,1
1967.08151687541,46,18,14,8,17,3,3,0,1,10
1967.10068183092,83,14,21,22,21,11,2,0,11,3
1967.11984678643,78,11,17,10,7,8,0,0,6,4
1967.13901174194,57,6,10,20,6,8,0,1,4,1
1967.15817669745,67,20,5,19,6,9,1,0,6,3
1967.17734165296,101,14,14,13,14,14,4,2,4,5
1967.19650660847,70,10,15,20,15,4,1,1,9,6
1967.21567156398,79,12,15,16,7,9,1,0,5,10
1967.23483651949,60,7,8,14,18,3,1,1,5,3
1967.254001475,63,5,6,25,14,3,0,0,10,15
1967.27316643051,66,9,11,14,17,7,2,2,3,1
1967.29233138602,77,15,2,29,12,11,2,3,2,3
1967.31149634153,76,5,9,11,9,6,1,1,3,3
1967.33066129704,93,14,5,10,21,9,0,6,8,2
1967.34982625255,116,25,11,8,8,9,0,4,5,4
1967.36899120806,74,19,5,15,22,9,2,7,16,6
1967.38815616357,59,10,3,11,9,7,0,2,6,2
1967.40732111908,68,11,4,9,14,6,0,5,4,4
1967.42648607459,63,15,4,6,6,2,0,3,6,3
1967.4456510301,64,15,4,9,20,13,0,4,8,6
1967.46481598561,69,12,9,23,12,5,8,6,0,5
1967.48398094112,99,12,3,18,15,6,0,1,18,2
1967.50314589663,93,17,3,35,17,10,3,4,17,4
1967.52231085214,151,14,2,31,16,11,3,0,19,5
1967.54147580765,136,21,7,40,28,2,4,6,20,1
1967.56064076316,123,14,4,41,12,4,1,3,40,1
1967.57980571867,128,10,6,25,15,4,1,0,10,1
1967.59897067418,123,19,6,40,34,7,3,3,18,2
1967.61813562968,110,16,8,36,15,6,6,1,54,8
1967.63730058519,125,18,7,54,35,9,11,1,37,6
1967.6564655407,128,20,5,66,17,5,7,5,17,12
1967.67563049621,132,19,20,66,33,6,11,5,13,7
1967.69479545172,166,8,19,72,15,8,8,3,37,7
1967.71396040723,117,24,10,52,16,11,23,8,24,3
1967.73312536274,137,16,19,49,25,9,11,5,35,6
1967.75229031825,135,10,16,53,16,15,21,2,18,1
1967.77145527376,84,23,8,29,11,5,13,4,26,2
1967.79062022927,80,10,6,27,8,12,7,6,28,4
1967.80978518478,86,8,8,29,12,9,19,1,18,1
1967.82895014029,67,22,8,36,13,17,14,3,6,2
1967.8481150958,89,26,8,66,9,13,14,2,25,6
1967.86728005131,84,24,20,62,14,17,13,1,15,5
1967.88644500682,115,18,11,49,18,17,13,7,11,9
1967.90560996233,95,31,9,42,17,15,14,5,24,14
1967.92477491784,118,22,15,44,10,14,16,5,14,5
1967.94393987335,106,19,9,45,17,12,28,7,9,10
1967.96310482886,96,6,9,24,23,6,14,3,20,11
1967.98226978437,70,18,8,40,6,5,12,3,7,6
1968.00143473988,75,3,4,11,10,10,8,11,5,4
1968.02059969539,80,21,29,24,7,8,14,4,10,4
1968.0397646509,36,10,8,13,10,9,5,5,5,3
1968.05892960641,40,9,15,18,3,3,6,1,10,3
1968.07809456192,66,47,9,25,16,22,13,1,10,7
1968.09725951743,97,22,18,23,11,9,0,8,6,4
1968.11642447294,78,22,17,18,9,10,2,3,9,3
1968.13558942845,56,12,11,26,11,4,8,8,9,7
1968.15475438396,68,10,17,23,4,11,2,1,1,4
1968.17391933947,56,14,7,19,9,3,24,0,5,4
1968.19308429498,60,17,6,9,10,3,2,2,3,0
1968.21224925049,42,12,14,10,10,6,10,1,1,2
1968.231414206,62,8,2,13,5,3,5,6,0,3
1968.25057916151,59,19,30,10,7,1,7,1,3,1
1968.26974411702,59,20,13,7,9,6,13,2,1,4
1968.28890907253,30,9,3,11,6,6,4,5,5,2
1968.30807402804,47,14,3,18,13,1,4,0,2,1
1968.32723898355,43,12,5,11,16,2,19,2,5,5
1968.34640393906,38,16,4,6,10,4,6,2,7,8
1968.36556889457,40,11,9,4,8,5,10,0,9,16
1968.38473385008,38,30,11,4,18,6,6,2,1,7
1968.40389880559,38,18,12,7,8,3,11,1,1,7
1968.4230637611,48,23,10,9,5,3,8,7,2,12
1968.44222871661,47,11,11,0,6,4,3,0,1,3
1968.46139367212,42,11,7,4,5,1,3,2,1,2
1968.48055862763,57,10,13,3,4,2,1,0,7,3
1968.49972358314,40,7,13,2,3,5,4,2,3,6
1968.51888853865,42,13,12,2,6,0,6,3,1,7
1968.53805349416,41,9,21,5,3,2,3,2,3,3
1968.55721844967,45,17,24,7,0,5,4,2,5,11
1968.57638340518,57,16,19,4,6,2,10,0,4,4
1968.59554836069,53,14,12,0,5,3,2,3,0,3
1968.6147133162,57,14,22,4,3,0,1,1,2,3
1968.63387827171,53,13,9,3,5,1,0,0,1,1
1968.65304322722,62,8,11,6,3,5,1,0,0,2
1968.67220818273,52,20,23,2,1,4,5,1,5,5
1968.69137313824,43,7,21,6,3,3,0,0,7,3
1968.71053809375,54,5,11,4,9,2,5,6,2,2
1968.72970304926,58,6,17,5,2,7,4,0,6,4
1968.74886800477,46,6,12,2,7,3,3,0,3,1
1968.76803296028,60,14,17,2,4,3,2,0,3,4
1968.78719791579,69,5,12,6,4,1,1,7,1,2
1968.8063628713,50,11,7,3,6,3,4,0,3,2
1968.82552782681,71,8,5,8,0,1,0,1,2,2
1968.84469278232,81,3,3,5,8,3,0,5,4,1
1968.86385773783,48,6,3,1,5,1,3,0,2,1
1968.88302269334,63,7,8,6,7,2,7,0,6,1
1968.90218764885,67,5,10,3,4,0,3,0,5,4
1968.92135260436,74,9,6,2,12,1,1,5,5,6
1968.94051755987,51,2,5,6,8,0,1,0,3,6
1968.95968251538,67,9,0,4,10,2,3,4,1,2
1968.97884747089,47,4,3,2,8,1,1,0,0,3
1968.9980124264,18,3,3,1,2,2,1,4,0,1
1969.01717738191,36,7,8,7,4,1,2,0,0,3
1969.03634233742,18,0,4,1,0,0,2,0,4,1
1969.05550729293,24,1,3,2,3,0,1,5,0,0
1969.07467224844,24,3,1,3,3,0,0,0,2,0
1969.09383720395,29,1,0,0,5,5,0,1,1,1
1969.11300215946,22,4,4,0,4,0,1,1,0,1
1969.13216711497,27,4,3,0,2,1,0,1,4,1
1969.15133207048,19,3,2,2,2,0,0,1,2,6
1969.17049702599,22,2,3,0,4,1,0,3,0,1
1969.1896619815,23,7,1,2,3,0,0,0,1,1
1969.20882693701,17,2,1,0,7,2,0,0,0,1
1969.22799189252,14,6,0,0,4,0,1,0,2,0
1969.24715684803,17,2,3,0,6,1,4,0,0,0
1969.26632180354,8,5,1,0,2,0,0,0,2,0
1969.28548675905,8,3,0,1,0,0,0,0,0,2
1969.30465171456,8,7,5,1,6,0,0,1,1,1
1969.32381667007,15,5,1,1,5,0,0,0,0,0
1969.34298162558,9,6,7,0,13,0,0,3,0,0
1969.36214658109,12,2,3,3,4,0,0,0,2,0
1969.3813115366,16,4,6,1,4,2,1,0,1,6
1969.40047649211,8,0,2,0,1,0,0,0,0,3
1969.41964144762,7,2,3,4,2,0,1,0,0,0
1969.43880640313,15,5,1,0,6,0,1,0,0,1
1969.45797135864,18,17,1,1,1,1,1,0,5,0
1969.47713631415,6,10,3,1,3,1,0,0,0,1
1969.49630126966,12,8,3,0,0,0,0,3,2,0
1969.51546622517,7,2,2,0,7,1,0,1,1,0
1969.53463118068,9,7,3,0,3,0,0,1,1,0
1969.55379613619,12,3,1,1,0,0,0,0,0,0
1969.5729610917,16,6,0,0,3,0,1,0,0,0
1969.59212604721,5,1,0,0,1,1,0,1,1,0
1969.61129100272,7,6,3,0,3,0,1,0,0,3
1969.63045595823,11,1,5,5,8,0,0,0,0,0
1969.64962091374,8,10,7,0,1,1,1,0,1,1
1969.66878586925,9,2,3,0,5,1,0,0,2,0
1969.68795082476,1,3,1,0,4,3,0,0,1,0
1969.70711578027,26,8,4,2,4,1,0,0,0,0
1969.72628073578,22,5,NA,0,3,2,0,0,0,1
1969.74544569129,9,4,1,0,2,2,0,0,1,1
1969.7646106468,5,3,3,0,4,1,0,0,0,0
1969.78377560231,5,2,6,5,1,2,0,0,2,0
1969.80294055782,13,6,6,0,4,1,0,0,2,1
1969.82210551333,11,2,7,1,3,4,0,2,0,0
1969.84127046884,24,1,6,0,4,0,1,0,0,0
1969.86043542435,11,4,8,1,3,0,0,0,1,2
1969.87960037986,21,12,6,2,4,0,0,1,0,2
1969.89876533537,32,4,17,1,4,1,2,2,0,0
1969.91793029088,29,1,13,0,NA,2,0,0,1,1
1969.93709524639,23,3,12,0,9,0,0,0,NA,0
1969.9562602019,18,0,15,2,11,3,0,0,0,1
1969.97542515741,8,1,6,0,1,1,0,0,0,0
1969.99459011292,5,3,6,0,1,1,0,0,0,0
1970.01375506843,9,2,5,0,2,3,0,1,1,0
1970.03292002394,10,0,10,1,2,0,0,0,2,0
1970.05208497945,7,2,7,1,3,0,1,0,0,0
1970.07124993496,7,4,5,0,0,3,0,0,1,0
1970.09041489047,13,2,6,2,1,3,0,0,4,0
1970.10957984598,18,0,14,0,0,2,4,0,2,0
1970.12874480149,3,3,10,1,0,4,0,0,2,0
1970.14790975699,16,4,5,1,1,1,0,0,0,0
1970.1670747125,11,2,4,0,1,1,0,1,0,0
1970.18623966801,17,6,13,0,2,0,1,1,2,1
1970.20540462352,8,1,6,0,1,2,0,0,0,1
1970.22456957903,24,4,8,4,3,0,0,7,3,2
1970.24373453454,13,8,10,1,0,1,0,5,0,NA
1970.26289949005,13,7,8,0,1,3,1,0,0,0
1970.28206444556,10,6,17,2,0,4,0,0,0,0
1970.30122940107,8,5,6,1,2,1,1,3,0,1
1970.32039435658,17,3,6,5,0,0,1,1,0,0
1970.33955931209,18,4,4,1,0,0,0,2,2,1
1970.3587242676,19,7,6,2,7,0,1,3,0,0
1970.37788922311,16,7,8,2,1,0,5,1,3,0
1970.39705417862,31,10,15,4,2,4,1,1,1,0
1970.41621913413,21,1,7,3,1,0,0,0,0,0
1970.43538408964,29,13,12,1,1,0,0,0,1,0
1970.45454904515,34,4,9,3,0,0,0,1,0,0
1970.47371400066,25,9,14,2,3,1,0,4,0,0
1970.49287895617,22,11,11,1,3,3,0,4,0,0
1970.51204391168,32,6,19,1,1,1,0,6,1,1
1970.53120886719,27,17,14,4,0,1,1,1,2,0
1970.5503738227,33,17,14,7,3,5,1,1,3,0
1970.56953877821,40,12,17,3,2,3,0,2,0,0
1970.58870373372,39,14,20,5,3,5,0,2,4,2
1970.60786868923,29,15,27,7,2,0,0,1,1,1
1970.62703364474,39,24,22,17,3,3,0,1,5,4
1970.64619860025,41,24,20,4,4,7,0,0,8,0
1970.66536355576,45,13,21,14,4,6,1,2,6,2
1970.68452851127,83,14,26,17,0,12,0,1,14,5
1970.70369346678,90,39,45,21,3,10,6,3,3,4
1970.72285842229,112,29,34,12,8,18,0,1,7,6
1970.7420233778,89,30,22,31,4,21,0,6,7,4
1970.76118833331,94,33,23,17,2,10,1,0,4,5
1970.78035328882,86,27,19,15,4,14,0,0,2,2
1970.79951824433,79,22,15,14,6,13,2,4,11,10
1970.81868319984,84,28,10,12,10,15,1,4,6,6
1970.83784815535,106,24,23,29,8,13,1,6,11,10
1970.85701311086,114,24,28,18,12,15,3,4,6,7
1970.87617806637,129,30,20,35,10,6,1,6,8,2
1970.89534302188,121,34,20,27,9,23,1,5,10,NA
1970.91450797739,146,28,10,36,10,20,0,7,9,4
1970.9336729329,170,44,14,24,18,41,0,6,12,4
1970.95283788841,173,42,4,29,26,34,1,2,3,13
1970.97200284392,137,19,6,29,14,39,0,0,5,13
1970.99116779943,144,18,7,19,5,52,2,3,15,5
1971.01033275494,122,25,14,21,17,35,0,5,6,12
1971.02949771045,87,21,8,35,7,32,2,3,6,7
1971.04866266596,73,16,8,12,6,22,1,1,3,6
1971.06782762147,56,5,7,14,33,31,1,0,7,13
1971.08699257698,24,0,1,8,11,22,5,0,7,10
1971.10615753249,46,16,2,3,65,19,2,3,8,2
1971.125322488,50,10,1,3,23,19,2,0,9,13
1971.14448744351,67,11,2,2,24,11,2,0,6,6
1971.16365239902,53,8,1,11,29,14,1,3,4,7
1971.18281735453,88,31,0,11,29,10,0,1,2,5
1971.20198231004,144,41,24,25,31,20,0,16,21,5
1971.22114726555,135,47,21,30,31,11,2,1,2,12
1971.24031222106,101,16,2,25,12,8,5,3,5,7
1971.25947717657,77,17,7,6,12,5,2,1,12,6
1971.27864213208,61,10,7,4,3,4,0,1,5,1
1971.29780708759,40,17,4,4,9,11,3,0,2,6
1971.3169720431,61,5,2,8,23,4,1,1,0,1
1971.33613699861,63,8,4,4,18,3,4,3,5,3
1971.35530195412,34,16,2,2,8,2,10,0,2,2
1971.37446690963,42,7,4,4,28,7,6,0,7,2
1971.39363186514,49,16,7,5,21,7,10,1,6,9
1971.41279682065,47,12,0,0,24,2,5,1,3,1
1971.43196177616,30,5,NA,3,4,4,4,1,3,2
1971.45112673167,41,16,2,5,22,2,7,0,4,2
1971.47029168718,27,6,1,4,9,1,12,0,1,1
1971.48945664269,23,3,0,1,11,1,9,0,4,0
1971.5086215982,13,7,3,0,34,2,11,0,5,0
1971.52778655371,20,4,0,4,14,1,10,0,5,2
1971.54695150922,25,2,1,2,9,3,6,2,5,1
1971.56611646473,51,3,0,3,32,3,11,3,2,2
1971.58528142024,34,9,2,0,15,0,15,4,7,0
1971.60444637575,18,9,0,3,12,2,19,2,4,0
1971.62361133126,12,6,0,0,9,1,22,0,1,0
1971.64277628677,21,5,1,0,21,2,11,2,5,1
1971.66194124228,20,1,0,2,15,0,13,4,1,0
1971.68110619779,18,2,3,0,7,2,16,0,1,1
1971.7002711533,32,3,4,0,7,0,15,1,1,1
1971.71943610881,33,3,0,3,10,0,17,1,1,1
1971.73860106432,16,2,1,0,4,1,3,0,1,0
1971.75776601983,17,2,0,0,10,1,1,2,0,0
1971.77693097534,21,1,0,0,6,0,5,0,1,0
1971.79609593085,8,2,1,0,10,0,1,0,0,3
1971.81526088636,18,0,0,1,8,1,3,0,1,0
1971.83442584187,17,2,2,1,2,0,2,0,1,0
1971.85359079738,9,2,0,2,3,1,7,0,0,5
1971.87275575289,15,2,1,2,1,1,3,0,2,3
1971.8919207084,29,3,1,0,3,1,3,3,1,0
1971.91108566391,17,4,0,2,3,0,1,0,1,1
1971.93025061942,17,1,1,4,0,0,2,0,1,0
1971.94941557493,22,3,1,0,4,0,1,3,0,0
1971.96858053044,17,2,4,0,4,0,0,1,1,2
1971.98774548595,10,2,0,1,2,2,1,0,1,0
1972.00691044146,3,7,2,0,1,0,1,1,0,0
1972.02607539697,13,1,0,1,0,1,1,0,0,0
1972.04524035248,11,4,1,4,0,0,1,0,0,0
1972.06440530799,14,1,1,0,0,0,2,0,0,1
1972.0835702635,10,1,4,0,0,2,4,0,1,1
1972.10273521901,15,0,0,1,4,2,2,0,0,0
1972.12190017452,11,2,1,1,0,0,2,1,0,4
1972.14106513003,13,1,3,0,2,4,0,0,0,2
1972.16023008554,16,1,2,1,4,2,2,0,2,0
1972.17939504105,17,2,1,2,7,2,0,0,0,2
1972.19855999656,7,0,1,1,2,0,0,0,0,1
1972.21772495207,13,0,6,0,3,2,0,0,1,2
1972.23688990758,3,1,0,3,3,0,1,1,0,0
1972.25605486309,4,1,2,0,2,2,0,0,0,0
1972.2752198186,10,0,0,2,0,0,2,0,4,1
1972.29438477411,3,3,1,0,0,1,1,0,0,0
1972.31354972962,9,0,0,2,1,0,0,0,0,1
1972.33271468513,2,5,1,1,0,0,0,0,4,5
1972.35187964064,4,6,2,0,0,1,0,1,0,1
1972.37104459615,4,1,0,0,1,0,0,0,2,0
1972.39020955166,3,1,0,0,0,1,0,0,0,0
1972.40937450717,4,2,0,1,0,1,0,0,0,0
1972.42853946268,4,0,0,0,1,0,0,0,0,0
1972.44770441819,8,1,1,2,1,0,0,0,0,0
1972.4668693737,6,2,0,2,0,0,0,0,0,0
1972.48603432921,6,1,0,0,1,0,0,0,0,0
1972.50519928472,7,1,2,1,1,1,0,0,0,1
1972.52436424023,6,3,0,0,0,0,0,0,0,NA
1972.54352919574,7,4,0,1,1,1,0,0,1,0
1972.56269415125,5,1,1,0,2,2,1,0,2,0
1972.58185910676,7,0,0,0,1,0,0,0,0,0
1972.60102406227,7,0,0,0,1,0,0,0,0,0
1972.62018901778,2,6,1,0,1,0,1,1,0,0
1972.63935397329,8,2,0,0,1,1,0,0,0,0
1972.6585189288,8,1,0,0,3,0,0,0,1,0
1972.67768388431,3,1,0,0,0,0,0,0,2,0
1972.69684883982,12,5,0,3,0,0,0,0,0,0
1972.71601379532,7,0,1,1,0,5,0,0,0,0
1972.73517875083,7,5,3,0,0,0,NA,3,0,0
1972.75434370634,8,10,5,0,0,0,0,0,0,0
1972.77350866185,5,0,1,0,0,0,0,0,0,1
1972.79267361736,6,3,0,0,1,0,0,3,1,0
1972.81183857287,13,4,1,0,2,0,0,0,0,0
1972.83100352838,9,2,1,0,0,1,0,0,0,1
1972.85016848389,7,1,0,0,0,0,0,0,0,0
1972.8693334394,7,3,2,0,0,0,1,1,0,0
1972.88849839491,18,1,3,0,0,0,0,0,0,NA
1972.90766335042,8,2,0,0,1,0,0,0,0,0
1972.92682830593,10,1,0,0,0,0,0,0,0,0
1972.94599326144,10,4,1,0,1,0,0,0,0,1
1972.96515821695,1,0,0,0,1,0,1,0,2,0
1972.98432317246,2,3,1,0,1,0,0,0,3,0
1973.00348812797,10,2,0,0,0,0,0,0,0,NA
1973.02265308348,13,0,3,1,0,0,0,0,0,0
1973.04181803899,6,2,1,2,1,0,0,0,1,NA
1973.0609829945,2,1,1,0,0,0,0,0,0,0
1973.08014795001,6,0,5,0,1,0,0,0,0,0
1973.09931290552,7,3,0,0,2,0,0,0,1,NA
1973.11847786103,20,0,3,0,0,1,0,0,0,1
1973.13764281654,5,1,3,0,0,0,0,0,0,0
1973.15680777205,14,0,3,0,1,1,1,0,0,0
1973.17597272756,6,0,2,0,1,0,0,0,0,2
1973.19513768307,6,1,1,0,0,0,2,0,1,0
1973.21430263858,9,0,1,0,0,0,1,0,0,0
1973.23346759409,17,0,5,0,0,0,1,0,0,0
1973.2526325496,3,0,0,2,0,1,0,0,0,0
1973.27179750511,12,0,1,1,1,0,0,0,0,0
1973.29096246062,7,1,1,1,0,0,0,0,0,0
1973.31012741613,6,0,0,1,0,0,1,0,0,0
1973.32929237164,5,0,0,0,0,0,0,0,0,0
1973.34845732715,5,0,2,0,0,0,1,0,0,0
1973.36762228266,2,1,2,0,0,0,0,0,0,1
1973.38678723817,2,2,3,0,1,1,0,0,0,3
1973.40595219368,6,1,5,0,0,0,0,0,0,0
1973.42511714919,2,0,2,0,1,0,0,0,0,NA
1973.4442821047,6,0,1,0,0,0,0,0,0,2
1973.46344706021,5,4,1,1,0,0,0,0,0,1
1973.48261201572,5,1,2,0,0,0,1,0,1,0
1973.50177697123,5,1,1,0,0,0,0,0,0,0
1973.52094192674,12,1,3,0,1,0,0,0,1,0
1973.54010688225,6,2,0,0,0,0,0,0,0,0
1973.55927183776,8,0,6,0,2,0,0,0,0,0
1973.57843679327,1,1,3,0,0,0,1,0,0,2
1973.59760174878,18,1,1,0,0,0,0,0,0,0
1973.61676670429,10,0,2,0,0,0,2,0,1,NA
1973.6359316598,6,0,2,0,0,0,0,0,0,1
1973.65509661531,13,0,11,2,0,0,0,0,0,0
1973.67426157082,8,2,1,0,0,0,0,0,0,0
1973.69342652633,4,2,10,0,0,0,0,0,0,1
1973.71259148184,5,2,8,0,1,0,0,0,0,0
1973.73175643735,8,4,4,0,0,0,0,0,0,0
1973.75092139286,13,2,15,0,0,0,0,3,0,2
1973.77008634837,8,4,5,0,0,1,0,0,0,NA
1973.78925130388,4,1,7,0,1,0,0,1,0,0
1973.80841625939,6,4,5,2,0,0,0,0,0,0
1973.8275812149,15,0,4,1,0,0,0,0,0,0
1973.84674617041,7,3,8,0,0,0,0,0,0,0
1973.86591112592,10,2,7,5,0,0,0,0,0,0
1973.88507608143,12,2,4,1,0,0,0,0,0,0
1973.90424103694,18,2,17,2,0,0,0,3,0,3
1973.92340599245,17,3,9,4,0,0,0,0,1,0
1973.94257094796,14,12,10,0,1,0,0,0,0,0
1973.96173590347,20,2,6,2,0,0,0,0,0,0
1973.98090085898,28,9,10,0,1,0,0,0,0,0
