Beta,gamma,rho,eta,N,loglik,loglik.se
15,0.5,0.5,0.06,38000,-236.43766312697653,7.545691590421756
17.648738749109075,1.3908312929489768,0.376280051448926,0.08764637036212322,38000,-121.23623513729002,0.3673396376806222
22.63004894618273,1.0507900702929291,0.3865950646103793,0.06038375198490334,38000,-122.15241625089408,0.2114532905250487
30.664364710974706,0.6113278304204717,0.4712648944828019,0.03671229267929296,37999.99999999999,-125.16195476952473,0.07034162780493707
9.410095455464342,2.004704173918468,0.23856074099119068,0.2103050048048478,38000,-121.75649824234534,0.5584943396108535
27.64854174466645,1.100172321552425,0.48103942949427353,0.05895468931836656,38000,-128.34452556056112,0.18193279806093723
36.953514380969345,0.5997401862171674,0.6400003906132261,0.0281014341938492,38000,-124.1330533921458,0.3717557064090939
22.5343333556746,0.9397562926100186,0.32095325767042726,0.06489204148293676,38000,-122.40818426942407,0.12069446249427479
19.940919700031923,1.005261645840858,0.33015695710657805,0.07129788710958072,38000,-121.21951934364968,0.09528284511567837
24.46991281878568,0.9887751625282762,0.2927754779932562,0.0674471713760775,38000.00000000001,-126.15622159760116,0.29548755904863744
17.65047051706757,1.7866152593447286,0.25810663085557645,0.12248318459179998,38000,-122.6252763940044,0.1197776670006174
22.896269009839482,1.0397260023934392,0.3685687055684372,0.06542241361290185,38000,-121.72155962483349,0.12923134386268387
24.29755225080147,0.46580044260492676,0.4125661327405636,0.03917414304700253,38000.00000000001,-130.64857565749136,0.2047378140852621
10.096985402794541,1.9991351017817751,0.27935241575592407,0.1980023331683261,38000,-122.81208510583457,0.26941668605297375
19.271818293858654,1.3280808692042498,0.2706457996312538,0.0919541967973826,38000,-121.08787805439287,0.08989895354208938
16.109869400395723,1.8679867611734842,0.3405562468330149,0.1289249747117838,38000,-124.45785805053625,0.21806724220560156
18.910010290626182,1.031305311588866,0.34651212967674017,0.07281833687523583,38000.00000000001,-121.10539948330941,0.18710948614047734
20.7896832583783,1.101599105382991,0.34056131192626493,0.06960695039651704,38000,-120.98395546659403,0.12049951757496187
12.842587905569346,1.4974650790833637,0.23139096083069124,0.13180617465711095,38000,-121.04920232169195,0.19940504770917591
16.31836793912572,1.6127949237896486,0.22987270749775993,0.11431409625863867,38000,-122.30672531806397,0.11151463677987215
14.062675941332998,1.3638016788730374,0.26262720387636906,0.1128678790121738,38000,-121.28818156568792,0.16981555610308008
9.407966440057042,2.1391754083651744,0.15124235122051963,0.2400053419840806,38000,-120.09712021904242,0.030543271919440763
0.8309661748561937,0.49996818398225207,0.5202741646721756,0.718672374664151,38000,-509.8844687566683,51.40451918489746
21.022615023104688,0.001331252059764314,0.9574294162813374,0.057200220612211375,38000,-570.4705605208541,0.06861588855997491
28.361741776027117,0.9476999511559451,0.543948306266516,0.04446272325199361,38000.00000000001,-121.21939127684507,0.17702842794890444
107.1386909063326,0.25053799991229286,0.7776657762172454,0.008809040056848662,38000,-341.85025517225085,0.5910227725856892
22.6242876916581,1.2446360074239262,0.32296727639249206,0.07684285750675894,38000,-121.87780437672014,0.0490102814496902
8.92999793758969,2.4643164671103475,0.12319198203915215,0.2878055753154837,38000,-120.56331953633413,0.027612303360207792
105.5839522609798,0.6281269753810542,0.7740271470121881,0.012262956955715713,38000,-246.74536769061595,1.7071312719029503
37.098131467619496,0.6214988218143883,0.7112999167891966,0.027120057933581146,38000,-123.48787053098826,0.29535995649753494
71.32399653540661,0.27447467575798395,0.9042761504889429,0.011363586014208747,38000,-231.51320923320176,0.20354128830383503
14.883930806708126,1.2689546282382516,0.2953634905297983,0.10291667703784627,38000,-121.2363376801529,0.047541220795509584
4.977497611631039,2.2874445694519596,0.1950797226277879,0.40961782199407454,38000,-125.8433928058165,0.18506116004758563
23.834390854319945,1.2824820273657915,0.3734174319726699,0.07077231686875987,38000,-120.52301866784505,0.043239634175631876
8.120949192099914,1.6912782270879922,0.22325233408394593,0.2215554424687223,38000,-124.23879483642406,0.08843406794477224
35.205896802587624,0.8076164815764357,0.5604914540496734,0.03246984405189425,38000,-128.0400453337326,0.43976582118996826
23.40749798242937,1.3039874261686857,0.3561707733442533,0.06734270182974274,37999.99999999999,-122.91989632337874,0.12196238874232357
65.1356266055021,0.8338094914708581,0.6743314374472227,0.023393017859658798,38000,-127.81847216870231,0.208635289313449
12.719163812899547,1.5233844631784184,0.19385974388350702,0.14156835424174463,37999.99999999999,-121.05120935032487,0.023023730797118894
17.305425517546826,1.1873496417926215,0.2965745146266064,0.08790848099776533,38000.00000000001,-120.60468569566069,0.059463059807804274
12.898649586340275,0.1784640637679205,0.806201647119038,0.034332573160475964,37999.99999999999,-817.3532067107102,3.6523850714524384
7.968539323665845,2.111273690577121,0.12545935741970696,0.28923315959143486,38000,-121.16859150067526,0.021940480760670497
14.090939850732905,1.338473438368511,0.2633432240984097,0.11152677008741521,37999.99999999999,-121.17418960639226,0.07069046942900495
117.81919845845256,0.20212275017054604,0.8836883014996749,0.009578068185596337,38000,-280.419547496526,3.129245318395627
18.709935107325006,1.124503275946893,0.36372785461144586,0.07674904718364961,37999.99999999999,-121.15137666661983,0.07911921828064258
34.608352659763916,0.43331317986688683,0.5772438758826439,0.029555560238235263,38000.00000000001,-133.8538091034778,0.20905610714592712
30.12464215102204,0.9787114411905017,0.5402160421894278,0.04385032588840239,38000,-120.77438718711615,0.11907976920944034
20.844481299319348,1.0712084252287368,0.38577017119440565,0.06921086856624369,38000,-121.45296097358327,0.08227589946786272
52.89852158083328,0.4421559404542745,0.625352312349244,0.02245417819891697,38000,-133.70555238116694,0.29530118179651227
28.169544256360922,0.7942807555485524,0.405023915247585,0.045122091089615644,38000,-123.63806163360351,0.0828519816170991
1.0022403218047036,0.60950001472751,0.06959028732581274,0.7188523217384062,38000,-323.8568422002697,2.555957350641278
70.48611557828208,0.7563835363723602,0.8231473499530098,0.01820162527384399,38000,-138.63602638334083,1.3343118988172495
32.66136961421275,0.9150802500856087,0.5200819909770288,0.041944865521235115,38000,-120.7012265591396,0.06743344630679
8.89188820660428,2.222054942567995,0.15625528065334565,0.2505233501574287,38000,-120.95235871350167,0.043997022757318135
8.886467883903915,2.155611326613796,0.13133742628337733,0.2561140627549939,38000,-120.64026909798689,0.024622416101233953
68.69427310228298,0.4023460535391097,0.8497901385967338,0.014034664601694483,38000,-198.9505061534034,1.0852821070406489
84.16875039971406,0.9928504183362703,0.5953145087613214,0.01965380599956301,38000,-220.97116904631125,1.226996429476115
19.67748007034432,1.9228326808777074,0.3362484788913637,0.11373415043966428,38000,-125.27968486984317,0.09656359701202177
7.181902074576516,2.058881162682278,0.11650574774492004,0.30380117374906535,38000,-120.61266414970898,0.039831299646362846
61.65933084025233,0.2977720776077404,0.8390353191992974,0.01611150464720302,38000,-144.91829879583975,0.8198680217252862
32.60635454282954,0.6881516695493227,0.5106320976405476,0.03682499469845524,38000.000000000015,-123.18101817851812,0.08286400523945514
11.380509052946797,0.3957436560929282,0.18093162899075876,0.08404866401994782,38000,-137.1526273758045,0.0471130449071414
4.8908608438284356,1.1767666371472376,0.5779459444838595,0.24427940859500216,38000.00000000001,-130.01582123290018,0.3008131981987655
6.241604567536222,1.1059335346316277,0.5617557189627197,0.19633597537132508,38000,-133.53250117726427,0.6152156454172333
9.028753210365084,1.5388319756498696,0.14065908232668892,0.20396623401392186,38000,-121.19233169868586,0.022748215784197355
9.14644398123913,1.5122057607006796,0.45613163008456425,0.1697175473672635,38000,-126.96860530417074,0.2427896227573394
64.8560716398557,0.4266255883259736,0.7401855474603521,0.01701336576425216,38000.00000000001,-172.90348236147094,4.288472671786213
41.695046531861394,0.3539722939718091,0.6694540688790188,0.02274950248649088,38000,-134.36627219814332,0.43264599645579005
16.612598521123036,1.7863319347194413,0.2513142952508443,0.12067337515503096,38000.00000000001,-120.48775226265619,0.07319579506744445
13.425671907314618,1.7404206521265646,0.3525400993351425,0.13097129439026048,38000,-122.75038926385257,0.08306250670136825
82.41820266165479,0.5083962826753101,0.763057191476024,0.015152662335158043,38000,-201.12004536675528,0.48867390483503936
4.084252612655204,2.6386274652193933,0.21517022355085272,0.5651314739245967,38000,-126.50138382594801,0.13199292849508903
19.012937535652437,1.3242327343210576,0.38058781541197856,0.07850794117352292,38000,-122.15595519264112,0.1321966561593237
3.0568841419000474,2.1246684167208465,0.3069316869592887,0.620962144180916,38000,-128.81218565124033,0.06929981898528229
23.17239793749139,0.8611516234043534,0.3910533836654255,0.05409958975211422,38000,-122.22739482817849,0.06585792127443979
23.759244543447743,0.8075392109607784,0.3755207604642306,0.05238669709032824,37999.99999999999,-122.83388617490009,0.09522678081782096
70.04706240941255,0.34749186032648005,0.8332147101821983,0.012827913683307011,38000,-224.69713354931704,0.1205636777432095
135.3220927594308,0.31656832825842185,0.8468496701349822,0.006852398311245711,38000,-395.5968069379735,0.6569325612572234
8.780710039292602,2.0669042460097984,0.15665798815382842,0.25010414066480313,38000,-120.5787191856714,0.0331685456904202
6.079685709709159,3.0267394099709874,0.08538355877469014,0.47554607212784267,38000,-120.54808160032434,0.024968760809852962
375.8190145892595,0.046581438306692396,0.4741546336474796,0.0039050427089907156,38000.00000000001,-552.9349656656244,0.0070843760533989735
79.51118027080526,0.2999793787125205,0.9011609905928833,0.011067654028452096,37999.99999999999,-233.39711575107842,0.43029626371542556
60.74232631167545,0.5184482902333886,0.878790614764813,0.0178620007304934,37999.99999999999,-125.9407227137494,0.16933632432779996
9.280117137061882,2.1623227231109516,0.14561189728632654,0.24668040279085393,38000,-120.15973825239531,0.028517193870814226
21.37190616969285,1.9835066557679737,0.2842604225375166,0.10446426220627983,38000.00000000001,-121.39348630388301,0.042602030821096225
37.846689173428274,0.7841579175808977,0.6121052055486123,0.03503676921106428,38000,-123.83451704747195,0.10330478737876024
4.179344635029327,3.015941075781374,0.08879408694390295,0.6386745586136119,38000.00000000001,-121.89788673458494,0.06175234414286984
204.86707359688884,0.5072544236115176,0.8540789411488428,0.006345306557131145,38000.00000000001,-421.2607886875252,0.05118699575975507
21.350875235262613,1.1083340487429154,0.3256359198864559,0.07125551714947026,38000,-120.64515057577015,0.06196803413828991
31.132860436498735,0.9955440517406335,0.47980729996561106,0.043229352881202554,38000,-123.11695156640234,0.11377875176436794
62.50563317111971,0.7665495428922738,0.6411756778662145,0.022475634057387495,38000,-137.13569562350114,0.7485623914199145
5.54059408304177,3.4889521261720584,0.0900257697570659,0.5480648831533331,38000,-120.99939560645119,0.020346925246184883
17.399035131101382,1.3534495890493128,0.24082486841053924,0.09825215554108555,37999.99999999999,-121.91397043888716,0.04971449221408797
40.78552645637987,0.73197007897372,0.6423216032086453,0.0301208971316173,38000,-121.82392514280714,0.06658075284726403
33.73280583970232,0.7844797325232831,0.45902422981856145,0.039026150106180116,37999.99999999999,-123.00164020056873,0.05272784663683952
59.6612890970693,0.7443952259539626,0.8530180637926565,0.020485010630634987,38000.00000000001,-122.97559690051366,0.30526492897132196
20.993392737846175,1.1348187679636925,0.3043663849543893,0.07469863142161665,38000,-120.9258318691057,0.04578935867695118
10.299045549433538,1.7647920147221117,0.1443590937227805,0.20562081251892877,38000,-121.80842888753477,0.03253745486629926
27.694713023100746,1.080967218274978,0.41782241778325335,0.05523358999310232,38000,-120.45786343020022,0.06945284256421073
33.18730056477542,0.9114928280146575,0.4801791183887077,0.03879107152632078,38000,-125.7697353890096,0.2265890390282821
112.95304141118976,0.2625678359756981,0.7543053071875696,0.009465220856545957,37999.99999999999,-318.09011696373756,7.556210879497626
54.08888798659482,0.6854423687613452,0.8091965462289158,0.022945263156227292,38000,-121.76518474444812,0.22786854459968164
31.277442035484853,0.7168336265947554,0.6936743187920148,0.03344548332162046,38000,-123.02840072958686,0.49327313224827585
4.610858107254765,1.6032346698720876,0.07081727232268564,0.41028043627044364,38000,-123.34308208580563,0.022082209044015443
67.18284994518586,0.5094014777314753,0.6508297736274145,0.01792621167998345,37999.99999999999,-188.73931652511675,5.649332901661012
77.13245071320422,0.7925466907447286,0.6562496731372204,0.020935698950222216,38000,-143.8732255125181,2.92059882914749
14.797457397593124,1.7264487356289577,0.2524045102810482,0.13366791282457335,38000.00000000001,-120.56755488728541,0.04278001702459097
19.80533853099142,0.9236921648517549,0.3423964292184413,0.06453167199428417,38000,-122.57031692001048,0.08737044093927791
30.315494145670975,0.9344989027458958,0.4682164636802538,0.04475819897613742,38000,-121.12623381338453,0.06689610288818884
19.722231699473184,1.2150378401916455,0.2994970404576768,0.07878319231206436,38000,-121.55833209082371,0.06303750005292838
10.378043803323463,2.235562814360871,0.16975673446855433,0.22032864281359793,38000,-120.36690917689911,0.05814566908728517
48.295461053047184,0.7656968192044326,0.5340812373034524,0.03038847756626388,38000,-126.08847359280034,0.22144249484281942
14.115857065479723,1.5096004712974438,0.23574095076183343,0.12319315331881442,38000.00000000001,-120.89411367116497,0.06807987306980999
68.0894924992611,0.5851940052467033,0.5202330348002485,0.01970820258792807,38000,-219.11836562181642,1.8724123294526984
104.64946571280342,0.4934836608957856,0.7769180243665884,0.012430020780770181,38000,-275.7449278178861,18.609605171264835
2.163533228440776,0.06927920411466128,0.041637525102858126,0.3614637733906975,38000,-294.3228402591426,0.054607894936905974
25.42528114713032,0.9808628959727282,0.34457289234514704,0.05334599036296305,37999.99999999999,-129.47996022983097,0.19565733041407254
17.2490958623503,1.1060971874175674,0.26102564069434886,0.08565935464340141,38000,-122.35318064045636,0.04112786477305014
70.26714729719103,0.4148108278290389,0.7453727889275273,0.014622268575991682,38000,-213.1856489315612,0.686150613956529
29.632427720313956,1.0292402144118153,0.41799176057673704,0.048540557399861406,38000,-122.54329834475145,0.0793198478469868
28.35980515817582,1.0809222316510516,0.550012962776621,0.045948243937665605,37999.99999999999,-123.06609530467715,0.49619537109402395
16.288969454458005,1.5079586770979543,0.27639079896608787,0.10719440909116937,38000,-120.47529421377996,0.04468014546214338
70.58590847982104,0.41606260039865334,0.5992874689346203,0.014053836041088575,38000,-301.9173611763315,14.910247237172412
8.8719410091254,2.23583651730009,0.19418267495313593,0.24241759946776223,37999.99999999999,-121.96494363346697,0.07941640251497678
12.998788041540518,1.62245950420701,0.20879556418088327,0.14582192941494584,38000,-120.16311829691143,0.05484704117057207
24.58344540624393,1.1354611930396756,0.4098608142080573,0.059441534020744036,38000,-120.78814901785974,0.06857418652785094
74.32838317326106,0.24800062346959642,0.7480454609176528,0.014714912017514103,38000,-207.42846926144426,0.38538293782618754
57.570435107833376,0.5758637891265046,0.7043634699513155,0.0182922159697941,37999.99999999999,-188.05812216233065,0.897219474114054
37.80065996670841,0.9737977978902621,0.4848178888567515,0.038269253616296774,38000.00000000001,-123.86062246918338,0.09484102857281392
43.17888154458302,0.5798044688790366,0.6432509756031417,0.02731159333911645,38000,-125.48279341039384,0.11261956655910652
54.801473607134916,1.0460842220570383,0.6394301212283581,0.02944987865840996,38000,-122.5350453062923,0.1281652086279129
114.9090562943818,0.5140477635995897,0.7645938562825062,0.01142718049706936,38000,-331.8942749016181,0.6869181250796291
19.564003616716043,0.97183079206192,0.3293882996518209,0.06644400578093455,38000,-123.49644065356148,0.05343532797244134
26.72920466552382,1.17114037479289,0.39505583226348306,0.05906767277691491,38000,-120.37784122882337,0.06886929006853845
32.91587311054711,0.8161673512803777,0.604471472595952,0.03671811678712417,38000,-121.01327180157084,0.16498897014960062
19.189508278578945,1.350233103686705,0.3076344290438681,0.08966527132238976,37999.999999999985,-120.53807759447027,0.05016965068637827
52.33158117819254,0.6554016761775441,0.6887568367124289,0.022865285960427868,37999.99999999999,-127.48647055794963,0.19311141878932228
2.2346227229154345,2.148755988440055,0.24631851397999294,0.8330393891710383,38000.00000000001,-129.6633851264271,0.14651855367393576
8.06391994991347,0.8336956226522728,0.13080046077963617,0.15679602156209113,38000,-126.75460577429824,0.02310962218139804
45.89314081783071,0.7331074973072484,0.6471608032860827,0.027775501162811352,38000,-122.08316083296461,0.07122153303252078
28.643299358853298,1.3950132451209758,0.5591745276092834,0.05758799058713829,38000,-121.39476120454525,0.23228604745970752
56.39384211843688,0.5362680827164024,0.7073658173005685,0.018910134116223342,38000.00000000001,-161.78494501575594,1.9308294622781181
12.986321529524773,0.8052162161099851,0.6103513567874768,0.07792299647494816,37999.99999999999,-132.97805439573935,0.7248298135509642
80.11696425264088,0.5763464309670708,0.6609304771541582,0.013293987190026255,38000,-271.7245560749679,22.15212709259672
68.72947748991841,0.33894785051264154,0.8127749984763832,0.015375849221288512,38000,-170.8706546810764,2.458651833863665
41.07122556498932,0.8443477927797574,0.5552201753723564,0.03327228289082504,38000,-121.99210681382257,0.09511758810353123
65.9696628517681,0.3757185279334077,0.8252223783958172,0.013240366143600696,38000,-223.3366422753964,0.8821507970572616
33.166880208992886,1.327670748964985,0.49891534480490557,0.0521356751180202,38000.00000000001,-120.7487861518018,0.0529782735978126
10.285848314164737,1.8498154496825658,0.14692545335104562,0.20341731618665848,38000,-120.7031824232858,0.021599468236955834
48.34645157322435,1.092529832189738,0.6221585948615832,0.03188670409351613,38000.00000000001,-122.16009980621739,0.27764434669964705
11.232443409278618,1.4232537365351605,0.19843970638095806,0.15237202160160557,38000,-121.00286286378899,0.05083653343219536
75.5913234835222,0.5436870197279039,0.7548072618967371,0.015279712909734561,38000,-204.49882728555667,3.1694661419565064
107.34862886383672,0.0011943310399019661,0.47648877575023557,0.06506816342943843,38000,-542.8633609171115,12.272276095617826
64.65135271983581,0.3585796093722875,0.7011561340470956,0.016238935230611883,38000.00000000001,-188.94686676418874,9.199097246585351
5.543896327181313,2.424765107386839,0.2873700836304809,0.3795408572275505,38000,-126.66301476013261,0.29132370621784326
87.35627997422854,0.442231347820156,0.7775400293593515,0.015038856733987652,38000,-199.4434297966232,0.6112249131319687
17.556904651780133,1.275464452575941,0.2540811776360535,0.09995451117198222,37999.99999999999,-122.35913618937522,0.044696926920681
43.43349443093446,0.42007988112240086,0.7007191418914448,0.022720715289558286,38000,-129.512456872871,0.20848211307835543
2.5079268690976666,2.0053021277192657,0.12033954230901306,0.7471849614360305,38000.00000000001,-131.8770468551927,0.20919065286666327
14.721352021213669,1.4843133013699414,0.37167883764022486,0.10467404829866887,37999.99999999999,-123.18961547238956,0.22570487477622553
15.24940644770608,1.7355491694694394,0.3100590114789777,0.12525588725456255,38000,-121.38007179211712,0.10694456648653639
0.731202442159802,0.33910025415260936,0.37046838472502447,0.7592214367492219,38000,-840.6986672665024,1.9495854078370474
190.24069094573017,0.37412758694096626,0.812858374393934,0.006408284159778148,38000.00000000001,-422.957337325468,0.1347999153886163
3.5881483688052334,2.047455216579435,0.3352471276716112,0.5247256830949254,38000.00000000001,-128.84528858477552,0.23008332801505094
22.25617097503043,1.0888214243052832,0.3187879794687254,0.06573085257576398,38000.00000000001,-123.51771630708726,0.040386005053649345
24.845576143627948,2.0498636546022717,0.36135980471442936,0.08187133979842896,38000.000000000015,-129.0308284168684,0.186478796792697
3.4174375579543805,1.7809636829850026,0.32118211855351597,0.5120140715718032,38000,-131.68311439908643,0.1792166072402272
5.310368511929823,3.194769232986862,0.12358240783967576,0.5284771653057555,38000.00000000001,-121.97573658806303,0.05819883879085744
14.9918071672626,1.4240395854021624,0.257542543070547,0.1127555499726917,37999.99999999999,-120.27921404008752,0.08998846286382536
22.184995088847494,1.418359224712267,0.3264055334421804,0.08077293398559578,37999.99999999999,-120.22277827058755,0.06064781293023932
38.50665559598674,0.9935224030662962,0.734408284426445,0.02979602070850583,38000,-129.09747483216407,3.817917701782868
26.06480729794744,1.2156082075056733,0.35621269952149914,0.06083444415684229,37999.99999999999,-122.543964590969,0.11443441725007165
3.8692366743701516,2.672935852388858,0.19502500328409741,0.5959937890261572,38000.00000000001,-126.06287289611053,0.1220361039128835
25.44939470250665,0.6333311691336017,0.5860717184096225,0.034933613844484165,37999.99999999999,-130.19810545485743,1.2673929752996684
9.801552681604011,2.5298716630520044,0.1730794876701392,0.24705465570461477,38000,-121.36672296107264,0.06175321322223041
90.46276667069723,0.3320293849895814,0.8022062723986646,0.013232222076167616,37999.99999999999,-214.55685501555374,0.4122433523714137
79.2154210239654,0.4885877912785083,0.8427319973594527,0.015852425849429138,38000,-159.88728530217918,8.353178084371953
1.5534250703504553,0.8795226310277289,0.3792733862599237,0.5862583562507501,38000,-147.10657577754844,5.847067163739604
110.47169581590072,0.5091376804936603,0.8937743323573177,0.011180589757540051,38000,-236.69670573696268,0.6223520300790709
46.15640895307877,0.9310090277078285,0.5184081522454986,0.03301331155051322,38000,-125.19627686156527,0.08553491448551383
46.68928108746805,0.47315353006336697,0.7110089252765639,0.022117931191601162,38000,-127.44689991221847,0.14772807894740766
32.188167240552175,0.8196991599717892,0.502181403965684,0.03744291621911654,37999.99999999999,-124.79531740102563,0.13902870651104252
13.221274979041688,1.6727428002883642,0.19374340183768218,0.14704142149381036,38000,-120.5468252352468,0.030449509893569742
18.086830750420113,1.0812845381561245,0.28488150894421715,0.08407400493327105,38000.00000000001,-121.66489131938836,0.042328791522823685
21.066271253119353,1.3482731373932058,0.2985219829507346,0.07910866755887251,38000,-122.33970549724647,0.07136885692002852
31.917034733635372,0.6514512258687881,0.5758803034690657,0.033994787173669196,38000,-123.55523093049919,0.16200703942935163
18.18439490629464,1.7253955500936853,0.28406221757472244,0.10787809783432475,38000,-120.37431380060409,0.08077352852622115
15.205282019549834,1.2296628385624468,0.2884315856664443,0.09616236227082,38000,-122.01914231139068,0.12675717719887516
18.636892319013338,1.1396818692438806,0.38167408794872837,0.07628275772556417,38000,-121.16486518372609,0.16223650480506435
2.493392111953297,1.1981049964873671,0.2023236169120345,0.5033696682284816,38000,-146.95228226158886,0.6368713911286141
6.38440602758514,2.80918750150222,0.10876929548186526,0.42026588894965905,38000,-120.31563229185986,0.05926076920911117
17.001926838236276,1.434378347891276,0.2398676439059744,0.10694921549309033,38000,-120.54852323490101,0.027765724674425674
53.30623347455237,0.9458722870211126,0.7253026829681926,0.02562153979991308,38000.00000000001,-123.92799872066749,0.26981105536010325
89.02684000111239,0.6194657178020494,0.7583638139670704,0.013474123005275312,38000,-239.61652168987106,5.4214799659144965
16.752447905455604,1.5293435025972273,0.2891401841513784,0.10713933759003967,38000,-120.09216301945736,0.08217298309007487
15.603235564203063,1.496234020703579,0.2712181486056456,0.11448889374694632,38000,-120.36063458634969,0.0734001572438897
15.24114064607752,1.511664212168282,0.2467258997774747,0.1150830987679547,38000,-120.89891810275442,0.03656164262543682
22.76224861929887,0.800552039192682,0.44828812521228273,0.050245085027774625,38000,-123.11109530238157,0.12368534140474713
9.661022489582182,1.9493082813500642,0.154429741609212,0.2220477021873613,38000,-120.20603750207658,0.031805302182937145
16.10680886755652,1.3508065325819105,0.2633155882092889,0.10444069132157019,38000.00000000001,-120.30552820309684,0.05799426467052375
57.227736970384775,0.47728017050236504,0.6786261467796741,0.018675134589148792,38000,-176.42070110571186,1.6101963435649034
72.15285480831571,0.5046534289825377,0.6622174675551515,0.01577141360334133,38000.00000000001,-219.8547271294033,1.7371417267429605
47.207566349785644,0.8519441822170172,0.6696262356726269,0.028492159323200938,38000,-121.12712843837541,0.09845345090108469
19.998234869140976,1.1189644368336236,0.3295111328147537,0.07660963724526802,38000,-121.13589756490225,0.07304302306978315
41.05569164101759,0.29292099771180663,0.6891809096416167,0.01948136024755499,38000,-147.904970282342,3.6818058083258842
25.917511063737216,1.1981762211194709,0.7275379574303777,0.0457391759598086,38000,-128.63038932187584,1.9883992932063408
59.76371634910247,0.7236003751535547,0.5850430980941893,0.024054762615947235,38000,-138.13901454757038,0.5680203146957453
54.42497293152801,0.6523442167244476,0.6026099585111916,0.022440797215834956,38000,-149.30282761190003,1.2640749240408422
27.05149010179499,0.8183817498377524,0.620044610255396,0.0390432987241223,38000,-124.86380872461275,0.5734655833758286
34.132366639012986,0.8904300009714351,0.5827423699743013,0.03622695853334157,38000,-121.85622317723569,0.132383277197269
56.250768187473064,0.47866406784179,0.7615785450776706,0.020008684551020388,37999.99999999999,-127.57895159689818,0.16327437902380054
2.6012762875760873,0.9704064045945239,0.040357788005400505,0.5349622067074671,38000.000000000015,-129.41320928666096,0.008425752226632053
6.472534625060948,2.8636621068860526,0.09936986522308648,0.4224690137509454,37999.99999999999,-120.27752756278484,0.028713607403259792
3.5417446706268203,0.239599466521751,0.9023260882746578,0.1701457021530567,38000.00000000001,-891.444077096861,11.793851702350986
32.77553522410651,0.9665944950505937,0.48944520886306686,0.04585684202434869,38000,-122.40014055517473,0.07046638635571677
25.445978689537366,0.9947646998021012,0.4326577985571593,0.053702454088946604,38000,-120.83188094458588,0.0834491925293035
33.16748677823979,1.2668257561711354,0.559970743950179,0.048057186393109866,37999.99999999999,-120.35199549740683,0.14462108045869057
4.8945036516494085,3.0319769803247474,0.08656143685582122,0.5655171292456591,38000,-120.5754190716648,0.031932995226180226
23.209328965104955,1.0484607914444783,0.4237568724962151,0.05696347997115689,38000,-122.15529303541115,0.11744741420446524
31.776936421270218,0.8713496364138316,0.5743921064233652,0.03956958300120234,38000,-120.92878267373159,0.10408180006795459
46.67330679685673,0.915730091729486,0.5915419281097333,0.03259112559967618,38000,-121.73620692104151,0.09875231497518422
4.398089233045283,0.6642458788624338,0.42034433618047545,0.20470102365213333,38000,-299.3349104916369,6.071011031474475
6.952299081007694,1.6771711903491147,0.13449544880365227,0.26719029191981597,38000,-121.88642775652521,0.048875944411058726
19.22571431739068,0.8775098290255356,0.2954050466192069,0.06949853050870271,38000,-122.69223848684237,0.031233139106585872
24.622146457245304,1.0780692670877152,0.40638315099676475,0.05757128173094204,38000,-121.08766103497955,0.06815441076617779
19.164649554217128,1.0870300623291353,0.3442838956216831,0.07277918703756822,37999.99999999999,-121.34285160148364,0.0907447305216617
74.39575865672083,0.4573894131604058,0.7614143255777217,0.014491928937782615,38000.00000000001,-209.41090876226536,3.6148971591180996
31.56353323042826,0.40084897694213856,0.5877820813015128,0.02926956034145288,38000,-136.3669390716683,0.21554938501165352
19.38219520497902,1.3187062472449547,0.35761066341053127,0.07903121884535284,38000,-121.47875870647547,0.1147762564025177
31.117422421879244,1.2154492652131172,0.44144522669677816,0.05084637317040422,38000.00000000001,-121.15349476042708,0.21772286040209107
43.936074205499516,0.8960831235640745,0.6828775080860371,0.027101167049836325,37999.99999999999,-130.36085713102665,0.42451682777006045
7.209403769100332,1.9565158977974875,0.1352806683460265,0.2890707848472502,38000,-120.97193247641151,0.036088622241473564
18.246238757872828,1.2916663404950153,0.3141022815162105,0.08794460402824307,38000,-120.2513010112788,0.05139234872022921
1.2404718514524655,0.19125431139525803,0.3111107802448094,0.39250219691161176,38000,-864.9136639926488,0.3246161147134957
15.743633357186656,1.894340899759263,0.2578672694355907,0.13271951471061846,37999.99999999999,-120.36526669174336,0.060705710838695935
17.259361001951575,1.636974244725597,0.3858027537185196,0.10064151688947169,38000,-121.77181292334876,0.21804267270726554
7.011005662399517,2.4300831827514573,0.11113539971261664,0.3502868631900209,38000,-120.1847884344562,0.020307748220602273
18.291526427134094,1.3201092784280803,0.3099044557498651,0.09093111033238875,38000,-120.35036099786932,0.03942505213042399
38.58115738761845,0.7307329009313334,0.5753154848573127,0.0314667570956188,38000,-122.68062171874432,0.11567211933416674
14.870889254147649,1.3169329477469258,0.2527523300057293,0.11674938400720879,38000,-123.9277403265144,0.0497924236863723
20.90100850864068,1.1825278336737413,0.36567398703451304,0.07232763082106405,37999.99999999999,-120.17532293356682,0.10948695430807856
22.785436881452284,1.1525981767188667,0.31548275858527935,0.06991677759572378,38000,-121.21937320698385,0.03865485480382516
6.136897936422243,2.0837263711094725,0.09253270787229104,0.36868111397618664,38000,-121.03013153786627,0.02676117434910821
14.84089010001062,1.6659258524396923,0.2539547100670347,0.13105962941497654,38000,-120.74121597222906,0.06164251153300184
21.00632832082711,1.3057383414467976,0.2907527167619173,0.07875957756542762,38000,-122.49851567115935,0.06349544930003945
70.730964107636,0.5144156722055027,0.8769066285166631,0.014378711148727533,38000.00000000001,-193.68448466904835,0.8044996472732399
15.747749997865014,1.4545422030886488,0.27426647344555877,0.11067847668795402,37999.99999999999,-120.22976691276108,0.04747784590703826
4.865028800557061,3.4493779941094322,0.07225791587966256,0.6391461938846893,38000,-120.32856439612213,0.0103935957554293
4.346249031212689,1.0761159260205204,0.6500908420974553,0.29941163033628593,38000,-146.75356941953348,0.6481036504145988
18.376087522754805,1.1780838732493388,0.2478590856934423,0.09062413095240157,38000,-121.83796004557512,0.04168704366109218
36.60843816867357,0.5831369547722087,0.7964429778154849,0.023947342981071172,38000.00000000001,-127.72382844085105,1.1655893219995173
41.410898461756204,0.7453995937947993,0.6109618261682673,0.029211131081965283,38000,-123.47683114153115,0.0943855090849251
31.237271461249865,1.265681250046103,0.4240013917823273,0.057740283050048864,38000,-122.3277293835984,0.051594664997386616
23.279433844292218,1.3287140762996703,0.3785443652147209,0.06852635506868938,38000,-121.20804852198094,0.11901626576439475
80.12985227658066,0.7305016867842329,0.7422518871809805,0.016784597843495275,38000,-195.39710299348602,2.715217702847602
103.06933572387416,0.42007621291149716,0.8218343133356204,0.010919911111996054,38000.00000000001,-284.8683199047239,0.7145698716422336
46.69348652776748,0.5037106153557456,0.5606197120659312,0.026341124406102756,38000,-131.178559423702,0.16628670446688273
19.263481980786736,1.128028055036884,0.3542020340781149,0.07701998830660417,38000,-121.10069875294653,0.06598820460565333
62.12610263126044,0.4197524338631378,0.6790829667992446,0.017310547147585575,38000,-185.79192198465682,1.1762644327772322
17.39013662223606,1.1083986112370983,0.4027521177301031,0.07573374831227347,38000,-122.31393862602002,0.15468857073538397
8.243418693534668,2.4192024081470995,0.11007013133901482,0.3074352680345918,38000,-120.83519118048899,0.019465714523274787
24.936054738341173,1.0689237295373162,0.39635751180656115,0.05778224691617799,38000,-120.9077406122895,0.0796043841609515
21.154268028236178,1.3934845032243934,0.31111826999823494,0.08173637993272398,37999.99999999999,-120.44094641894429,0.055800192850744924
15.686723583185639,1.397680757730708,0.26906020382046686,0.10668915279371177,38000,-120.32969098101562,0.044983293361734115
21.26045159597469,1.223577870570848,0.3075031024127482,0.07675339857236292,37999.99999999999,-120.58987293260489,0.05188603001645681
6.092727000529691,1.812494602664613,0.09616241557649707,0.32967792569696935,38000,-121.83998309938119,0.022597420855146474
61.30159829006192,0.7817728039828772,0.8658682643525916,0.021101761100413792,37999.99999999999,-121.3773373678608,0.2291674544258061
15.041541739831077,1.2777384319040617,0.30678843430638464,0.09897550228622112,38000.00000000001,-121.78779191256905,0.09779187212884638
97.79388310021719,0.21362894479647504,0.7198726335905729,0.013032316273671038,37999.99999999999,-266.0399998628342,0.8969070286613015
78.58911852132104,0.5112064671560091,0.7423446651395584,0.014474771852906748,38000,-217.52296517405935,1.9153580319970205
32.60229204397752,0.3736827592645914,0.5413584070106017,0.029500602805450915,38000,-135.42082428605013,0.34422147776475953
34.59581761425541,0.7858873257467769,0.6165542768306481,0.030445285259835204,38000.00000000001,-131.3689105730135,0.46570966397833485
23.227664904209433,1.1146281463978425,0.3783345897435788,0.06617000822078299,37999.99999999999,-120.85511853143082,0.060153692785045815
15.197138778736718,2.238292216842194,0.24858321229833796,0.1554468441019661,38000,-121.30208953571392,0.06267975471275891
3.171201060841344,0.8936073941782372,0.4756139113188177,0.29675361886435103,37999.99999999999,-143.79256301773052,0.6368793694278779
2.5972602722682305,1.4081591978770156,0.20375351558002872,0.5096957948419512,38000,-137.58161717802562,0.5897429798285986
39.239591863909546,0.7706244745696288,0.6716525004097095,0.03151482410173348,38000,-121.21854109994615,0.18442499636848284
15.893197588362863,1.3245749843280292,0.29646110737666137,0.09778249361622154,37999.99999999999,-121.24203552187952,0.04927979542191605
19.263325086504988,1.8190829805087851,0.25403971509567513,0.10518430716292385,38000,-123.3204917396701,0.055107836679715215
25.892767542889533,1.2660928208081286,0.3509077216484795,0.06447698102865397,38000,-121.17639153742908,0.03696220864346075
14.724572785115688,1.2519995654680791,0.2533745982467269,0.10761173774303584,38000,-120.80287266871161,0.052605597915790364
71.43281979541081,0.4807779411957274,0.7696586267184703,0.016599428904568485,38000,-172.15359461501075,2.875688242405161
19.644106028726615,1.3620367541976788,0.3326424150607897,0.08544717650571101,37999.99999999999,-120.26866623924886,0.0830259570497717
4.51232695897641,1.8776657134069668,0.21235889531162683,0.38555165033559274,38000.00000000001,-127.71975555916997,0.25725800552611394
33.33972887146338,0.8188613810276922,0.33951797415352786,0.043534999186412314,38000.000000000015,-135.1049043782962,0.6467260102267126
40.51129851304197,0.9607627604113312,0.5524774300741558,0.03788080021175425,38000,-121.67026888030578,0.10376249221474351
86.37397043618935,0.18118746413930759,0.9476011544174378,0.008804193306386947,38000,-303.84692401096953,0.6282573722479059
5.667536440760941,2.7830991534818237,0.08161229482476764,0.48396170779247355,38000,-120.61014654840007,0.021863210857377552
3.5175042029997834,0.004900363929571179,0.18326424167423927,0.3095064801633331,38000,-452.12222951068424,0.45998341146389427
2.7899496725111734,0.7646189383347483,0.18888008384710522,0.34089644131581703,37999.99999999999,-235.65914312386906,0.8463786679747745
19.402926983234423,1.1993170541000109,0.4252764894265724,0.07677675862901727,38000,-122.07619492822444,0.10363943410833128
11.315028893464353,2.2196011542908733,0.23199055631282187,0.195242749025146,37999.99999999999,-121.35932874566255,0.1264954901578436
10.790367461391112,1.7536638245486393,0.20377919489969862,0.1825252440074206,38000,-121.31458917564811,0.07176020701656918
14.622001852826454,1.2330239203364064,0.3008624695209161,0.10257022819648991,38000,-121.57132060625788,0.0769615679107671
4.286300863920155,1.9708931001088796,0.23132051692297242,0.4167026612769294,38000,-127.55678079153195,0.2293700198457137
42.42573822674148,0.54267265893461,0.7695662530804703,0.02276939557667843,38000,-125.528705843892,0.2740844442587257
20.991977067584294,0.9464924037688555,0.3185641467607402,0.06907942199127047,38000,-122.77732227658198,0.07189646985789423
21.27367711339518,1.160703602536864,0.3198954241618855,0.07341670330759212,38000,-120.54877061041834,0.05794733313603956
3.51982603392728,2.8236456827188543,0.07050375670698501,0.7388232142036328,38000,-121.85965037498809,0.03161921533437218
18.64607108833759,1.400941068406761,0.35748670722022596,0.08737839039400885,38000,-120.7851956172055,0.14691096736763493
10.440686798431653,2.0097152567772363,0.17389155880179286,0.2078794013241407,38000,-120.2231245696424,0.03238791220105959
69.8622645497348,0.3625312586857027,0.7534595877639917,0.014530056197458063,38000,-208.42620287961233,0.4504555361019616
76.69448439451918,0.3446291406807883,0.7330231342295326,0.014578680867232274,38000.00000000001,-207.75742669816896,0.9222450665146484
3.4624563957385917,1.6989218320034694,0.3535972249038796,0.4501792588069484,38000,-129.23127922401517,0.43308932405869793
4.239031115005152,2.5196836259360573,0.16625945900092381,0.5429248172033312,38000,-125.94744561214314,0.06390699222412108
20.234457264775344,0.9671044779065076,0.33830813533066867,0.06698031611767899,38000,-121.6557994971533,0.02413311487499956
49.13075706026063,1.0475343363963379,0.5914647779416391,0.029980820013789652,38000,-129.13209932408802,0.3186983265384299
92.52169629862975,0.25155543068553893,0.8312081029167114,0.011598009396406426,37999.99999999999,-237.5237711936288,0.5250944239109925
5.063897735032778,3.3734340777790934,0.08020321153710473,0.5978142788322998,38000,-120.23834519491628,0.029065664387924087
40.293234919512784,0.9513391145590241,0.45724383069626057,0.03628540589918479,38000.00000000001,-129.24923421499022,0.5958821863299499
20.18686667754142,1.802339518691305,0.2953162013432294,0.10360640949100382,38000.00000000001,-120.55249528604976,0.057726601999020896
2.826495448375842,1.1356923264962755,0.04447894188231035,0.5411711731022091,37999.99999999999,-127.69697426259405,0.018574003859722823
36.93845740166825,0.8891276797595242,0.541526344222673,0.03513362171215877,38000.00000000001,-123.32142660975015,0.16001301529411327
8.039425375133282,2.642884727756838,0.13559840328308345,0.3318491476940468,38000,-122.34928687526606,0.03866682836704612
11.083770673844446,1.8735399816246503,0.1934703574865095,0.1727757860786702,38000,-124.18578728365911,0.1582163784844942
10.578278745378041,1.5599455971305032,0.19835755450986672,0.16495253046616928,37999.99999999999,-121.17918244598471,0.04106371824646593
12.581962305663364,1.828008338920972,0.19372814936014812,0.16691822795840977,38000,-120.41215990996457,0.03207616767004374
6.2945094660320535,2.8967459663451884,0.10537610108785916,0.4280557149371842,38000.00000000001,-120.51120053004026,0.03336919467393686
7.347427483821383,2.709699416745293,0.12866896474075684,0.3522935743165496,38000,-120.45696725669767,0.03169138581682044
30.155125067063207,0.7974762207318029,0.6444137977336719,0.033616888931213285,38000,-127.58214488209408,0.7708680589896351
64.08675189714313,0.6761034473854827,0.570812414994757,0.021850417059064823,37999.99999999999,-165.15018992871083,4.343486991490833
0.010000000000000002,121.98564488249411,0.5039251150356592,0.7081181847197452,38000,-348.12945925471723,5.543789209801321
0.010000000000000002,107.65762461444162,0.24247720571245815,0.8389149970867249,38000,-279.4264294347618,1.5358794536722087
0.010000000000000002,91.43122641638288,0.22422271188964737,0.818944249910009,38000.00000000001,-285.83665193469614,2.720903717290337
0.010000000000000002,95.5179332264176,0.36064616282222856,0.8931299474532545,38000,-274.4430355684386,2.1660306517065546
0.010000000000000002,100.55233592894281,0.3019122751669035,0.8630877964574307,38000,-276.1230509225801,1.2090640100580923
0.010000000000000002,110.54596718605595,0.32060161804923093,0.7644047277796832,37999.99999999999,-326.49574335542343,2.4138834046494773
0.010000000000000002,87.64654348478511,0.24312659107775372,0.8159745932013037,38000,-297.5264555094466,0.19515927124224292
0.010000000000000002,98.81836693018288,0.3916732591443374,0.8720292840210533,38000,-280.6426203369643,2.822065653348554
0.010000000000000002,97.1527846450724,0.31377126851487147,0.8861240737407924,38000,-272.1839532743032,0.5329334558538334
0.01000000000000001,108.0683383844617,0.28671678421310637,0.799156795923367,38000,-285.1684856475508,15.728184214270746
0.010000000000000002,101.4624593178188,0.39993830698542165,0.9011053264745341,38000,-272.4125315905689,2.358770981775546
0.010000000000000002,114.99536740450348,0.3105861774228625,0.9016164422199447,38000,-270.7064942324195,0.6127221750801272
0.010000000000000002,73.79491990453955,0.21260114163502192,0.8749813304857069,38000,-275.8119114105879,3.9058075156159564
0.010000000000000002,125.30119267353119,0.3790838743978262,0.9356634712196308,38000,-275.4776177824925,4.488811946035223
0.010000000000000002,130.65123171523027,0.34450147455252533,0.8310262126521816,38000,-312.9521727296515,0.8375268408420771
0.05421052631578947,32.4728734758405,1.2965335007039402,0.4254172202848484,38000,-120.78542564075849,0.087803934007773
0.05421052631578947,28.126317742014542,1.1024627868019328,0.5116600556337123,38000,-122.5282150699978,0.09822938336819897
0.05421052631578947,28.918025619961103,1.1835867520050538,0.4188342108085696,38000.00000000001,-120.78994948272761,0.03903522659258982
0.05421052631578947,25.068161652911556,0.9714297131090793,0.469796434283363,38000,-121.51392668994554,0.16388867019719477
0.05421052631578947,28.600330835496553,1.0547147906773298,0.37940193548601225,38000.00000000001,-121.42678750133672,0.060477770512061255
0.05421052631578947,28.56378320166276,1.2656907241170874,0.4775881742663053,38000,-120.86167828261773,0.12694551032023985
0.05421052631578942,27.710026014240704,1.0413911823950395,0.3936052105913981,38000.00000000001,-120.9543294418042,0.05754845450156414
0.05421052631578947,27.10789503818919,1.0673849028991813,0.44722903799061753,38000,-120.51433394556797,0.06549131655599687
0.05421052631578944,27.538072156107763,1.1845215226682018,0.46237642924510686,38000.00000000001,-120.92728639048667,0.14458576176558094
0.05421052631578947,20.71506562956217,0.8265920340291081,0.45485955472003625,38000,-123.68864552518554,0.15173606113652233
0.05421052631578947,27.16338469245762,1.002967886895944,0.3866270166630582,38000.00000000001,-121.0653090754336,0.05844957392112835
0.054210526315789515,17.61119772057451,0.7476680592604,0.5312759946484841,37999.99999999999,-128.2320417741379,0.2326974706178935
0.05421052631578944,29.669466652631915,1.095530841546501,0.426027230199065,38000,-121.37423807714315,0.04584838831802687
0.05421052631578947,14.380851188828506,0.004633041783157042,0.5177202345076048,38000,-465.7787649232646,0.38865698383846525
0.05421052631578944,26.285790616016197,1.1163703611870737,0.4849861296769211,38000,-120.6293783155908,0.15563305990392565
0.09842105263157895,19.1042661845019,1.5645706698480155,0.2772747037710316,38000,-120.27448529152606,0.045301574489374385
0.09842105263157895,14.79992630904293,1.0516306545597076,0.22995612982527905,38000,-122.14467003345027,0.03139441749661598
0.09842105263157898,16.618960084938163,1.3143127445438656,0.2537305621642999,38000,-121.26010628899795,0.04450357505620116
0.09842105263157895,18.40107967010622,1.4446265415893642,0.308961949929924,38000,-121.41719856652583,0.054858028611255244
0.09842105263157895,17.537188988093494,1.382910944962578,0.2768699335569682,38000,-120.16372240019108,0.05625606190707244
0.09842105263157895,16.23244342272192,1.2815316805669406,0.271973437995453,38000,-120.53906963501457,0.04799943231043833
0.09842105263157895,15.149593461932104,1.1600408692666735,0.24886683845822835,37999.99999999999,-121.69737940080279,0.04750462224579258
0.09842105263157898,17.803813725361564,1.326131947523877,0.27036984125268304,38000,-121.23722714922005,0.042723308333458915
0.09842105263157895,19.288234226479243,1.5334857896165892,0.2791069224009232,38000,-120.3012215371321,0.03342184549431198
0.09842105263157895,17.609597558134617,1.3296216781722006,0.24643277419606843,38000.00000000001,-120.82354743749518,0.023459814823478198
0.09842105263157895,16.877917423383707,1.3113789495505521,0.25540203362525293,38000,-120.63777003869482,0.03281422123459943
0.09842105263157895,16.267329834602567,1.3566642659891057,0.32286844442177537,38000,-120.75007938440612,0.09711492013059014
0.09842105263157895,17.502867945553408,1.4163803733374105,0.27907497734530795,38000,-120.1593959563086,0.039621760014823086
0.09842105263157898,15.284979625999306,1.1270790241971094,0.25466141653463226,37999.99999999999,-121.3350508775305,0.05419755933523548
0.09842105263157898,14.9534775547804,1.2148300285515623,0.29505503374791747,37999.99999999999,-121.44457912844466,0.06263352309520225
0.14263157894736841,12.617402963937286,1.603895337455185,0.20661659922902637,38000,-121.66379741619735,0.036226909047570026
0.14263157894736841,5.766503446817504,0.7329320882645356,0.4911073714892243,38000,-148.1122448220571,4.606102100123136
0.14263157894736841,12.498827362624416,1.489709612816866,0.20089746057786081,38000,-120.4370277106424,0.030065860007282154
0.14263157894736841,14.740219090394588,1.8374169423022753,0.22520897265117915,38000,-120.33609071217609,0.024522051398285834
0.1426315789473684,4.6643262205833995,0.5801823213653097,0.9134414967953959,38000.00000000001,-217.09938916722808,9.477635749721491
0.14263157894736841,14.394939475024977,1.7741967900325275,0.22577516717744522,38000,-120.4555814992099,0.03752141312339672
0.14263157894736841,14.608389715379792,1.8131486944449215,0.21086825498310593,38000.00000000001,-120.14376047484203,0.040149196804878155
0.14263157894736841,8.930290223669758,1.269789088932765,0.39544600826038256,38000,-126.87594096671165,0.7467617108976451
0.14263157894736841,13.54626645819992,1.8053961013004491,0.24124724067457207,38000,-120.84995593945362,0.0862950540501933
0.14263157894736841,13.316384555226794,1.6804014164913554,0.2281378179951475,38000,-120.08854720960628,0.0488464562860363
0.14263157894736841,14.305695471116453,1.7670405250817312,0.2194279366546582,38000,-120.1849970208981,0.04084545545724215
0.14263157894736844,12.694412725504545,1.4757026377512494,0.20106132638927535,38000,-120.67076719363243,0.028743120204468568
0.14263157894736844,11.846472714499752,1.3355204932446463,0.18268534296240815,38000,-121.2157462768954,0.023737942862512823
0.14263157894736841,9.793433721272617,1.390191161600799,0.3396942603715036,38000.00000000001,-125.66087748464851,0.2895439489059429
0.14263157894736844,12.10513659170377,1.5562027503951368,0.24194621716195627,38000,-121.01376003434987,0.0940870256841866
0.1868421052631579,12.17369378948995,2.252250636738451,0.19865198483416133,38000,-121.03979983146289,0.03859911922138761
0.18684210526315786,8.797193479424394,1.4853251975604753,0.32972104575628153,38000.00000000001,-129.17107905858563,0.14085730756232048
0.1868421052631579,12.191285390633539,2.1741358263492176,0.1923267141583695,37999.99999999999,-120.29144260417767,0.02929426019405455
0.18684210526315792,10.566098934690437,1.7133324243788175,0.16090535438341086,37999.99999999999,-120.44240306487538,0.03133750439912786
0.1868421052631579,3.871106812039039,0.6827223324412117,0.8964110158784436,38000.000000000015,-164.63908565973233,7.884642116067057
0.1868421052631579,10.006945749482892,1.5826584260793006,0.1708955171008077,38000.00000000001,-121.12722811677996,0.047075689178440856
0.18684210526315792,10.944139677150886,1.8339848757028532,0.16820091082233005,38000,-120.34493069669425,0.04371710138970113
0.18684210526315786,12.059947589339377,2.018876173859969,0.17512733334521216,38000,-120.38331418596707,0.030942760358238584
0.18684210526315786,10.665052005918303,1.7364529492557734,0.15836065489382775,38000.00000000001,-120.58058829223012,0.026092421918526242
0.1868421052631579,10.508972937249911,1.6724917710535168,0.16216436403756834,38000,-120.53760888122503,0.04292194235802524
0.18684210526315792,11.509205929321443,1.9338694105242644,0.183213783876384,38000.00000000001,-120.22273900410825,0.03201238993281455
0.18684210526315786,11.39928363728661,1.9241509754795199,0.1710055250672115,38000,-120.18105408071672,0.03704932576540328
0.1868421052631579,12.31031099766622,2.1528376099367548,0.1760171110048771,38000.000000000015,-120.46035218879501,0.034656278645386715
0.1868421052631579,9.293052949070061,1.5106893968767006,0.1743127690294865,38000,-121.25272475583849,0.044896531991960906
0.18684210526315792,10.0381031700125,1.6775833504011581,0.19178475489421049,38000,-120.85489416331792,0.05402494740160929
0.2310526315789474,10.20146965251317,2.2166984479850047,0.1659398848221156,37999.99999999999,-120.75806359904651,0.040759547253671896
0.2310526315789473,7.165207307277163,1.63751361895312,0.2688284596699331,38000,-125.58778253253448,0.15364283244283988
0.2310526315789474,4.975161257333324,1.091044957643602,0.3858580519520064,38000,-133.91263465702696,0.4687391521362517
0.2310526315789474,10.477435137349634,2.271797007845779,0.14132837446855964,38000,-120.72244653350249,0.03283384427694787
0.2310526315789473,3.2605706153087475,0.653430848638639,0.4233385878204632,38000,-185.63891499779965,3.171403342362637
0.2310526315789474,10.311004025731082,2.288631151461074,0.1522055648114244,38000,-120.31904893630913,0.03252486105935968
0.23105263157894743,9.559789888386796,2.0294432319785476,0.14366695741142024,38000,-120.30930058287115,0.034582490754510954
0.23105263157894743,9.839763807823017,2.1167865339812577,0.15382038306605217,38000,-120.18383611762958,0.041088363311007695
0.2310526315789474,8.710308438193543,1.7879818688230924,0.1363822291046977,38000,-120.6156744512892,0.028828079565151488
0.2310526315789474,10.922937690238804,2.4855456886501748,0.1709938621733432,38000,-120.50294193866429,0.03141961598053903
0.2310526315789474,8.593129299921886,1.7807931438510338,0.14308429098835068,38000,-120.55962890245277,0.025935403161285772
0.2310526315789474,9.271669253864225,1.9065953397653526,0.1356441468994918,37999.99999999999,-120.50709797261268,0.02349602055053728
0.2310526315789474,10.771394113047347,2.4776043452329906,0.17006414533851877,37999.99999999999,-120.41443826280211,0.03461944713011877
0.23105263157894743,4.225288807264779,0.8228289719114411,0.56972869142593,38000,-153.06938841782764,8.166029124253875
0.2310526315789474,6.563409484229769,1.5427935984691468,0.4017940316374395,38000,-127.31920131229259,0.16859546623005042
0.2752631578947369,9.956371363894302,2.952778016950277,0.1767596093684292,38000,-121.61338945021018,0.040594124182136315
0.2752631578947368,8.493466107264396,2.151052420078621,0.12301680984674143,38000,-120.54106319818231,0.023769665976168062
0.2752631578947369,6.9430699123428825,1.8553120496428117,0.16567972853553334,38000,-122.26853161734167,0.18807580866750714
0.2752631578947368,8.011328385376254,1.9892310231771382,0.12319792327198835,38000.00000000001,-120.72019231972365,0.037239330753703496
0.2752631578947368,4.021787509436271,1.0495975097927708,0.3970938423913823,38000.00000000001,-135.82935127680292,0.6411035950038152
0.2752631578947369,7.569609035589713,1.875291252484973,0.11622276347795014,37999.99999999999,-120.80222430432879,0.01576552718510454
0.2752631578947368,8.1349946628915,2.037702663928172,0.1185558153646422,38000,-120.60850760607997,0.015438751180829111
0.2752631578947368,5.281727991731249,1.2831233888098452,0.23716348628733266,38000,-138.54663566470657,1.0490860319218949
0.2752631578947369,7.4784845150620445,1.9194675174654119,0.13569041625169415,38000,-120.80194599749345,0.033805500558129836
0.2752631578947368,7.6075000461205375,1.8527970450736453,0.1152393449089128,37999.99999999999,-120.88202674364902,0.020272938557065995
0.2752631578947368,9.883720874839836,2.811259230794501,0.15527985054113538,37999.99999999999,-120.72558272567191,0.03339381924529906
0.2752631578947368,7.647738145250952,1.9865157420236155,0.11936720472488495,38000,-121.8290473587312,0.034222946198141764
0.2752631578947368,7.831559660226033,2.007387764108714,0.13099906734192063,38000.00000000001,-120.43750523673965,0.028952591287793882
0.2752631578947368,6.015941641141542,1.6235393084786383,0.25613944841646535,38000.00000000001,-127.74615589143137,0.10389387009963878
0.2752631578947368,8.120019918059784,2.363151069295668,0.21837016507784346,37999.99999999999,-122.79770621839386,0.07008709215839476
0.31947368421052635,7.523919467169318,2.3001557141963325,0.1154155110008595,38000.00000000001,-120.30874313670049,0.02058556994194742
0.31947368421052635,3.1480641176867565,0.8798609702318406,0.4113815476049844,37999.99999999999,-156.5953117830861,2.5233535536542386
0.31947368421052635,4.231012237475752,1.356851258143208,0.3220429400083004,38000,-131.25931766193847,0.23084661150998154
0.31947368421052635,7.9160115917261065,2.674644139099668,0.1462617888024516,38000,-120.68296693001518,0.074374090168059
0.31947368421052635,6.4475619833452225,2.197408924542397,0.2708649774048828,37999.99999999999,-125.69169819925362,0.16280799979345098
0.31947368421052635,8.338986721866913,2.8018305456135932,0.15198773774375032,38000,-121.00160980283174,0.052274796634637646
0.31947368421052635,6.8999304056965345,2.1044989238204477,0.11271292578753944,37999.99999999999,-120.63952987272907,0.025877681955934227
0.31947368421052635,7.54890426067914,2.365182468282346,0.123120346016789,38000,-120.12930686551972,0.046265405799108025
0.3194736842105263,1.9805470622343424,0.5132694401875938,0.1883622430055179,38000,-312.72518189930923,6.076551564230892
0.31947368421052635,6.826511308956594,2.094723328215474,0.11605363078761342,38000,-120.72388012208526,0.02613904526230687
0.31947368421052635,7.295767696157212,2.208820728502923,0.11364421655445263,38000.00000000001,-120.38510738353892,0.020623782619856843
0.31947368421052635,7.2843954634590355,2.194618780051478,0.10824079542648365,38000,-120.53328939445097,0.018223372349860885
0.31947368421052635,7.610304486059325,2.411324080825809,0.12002710140296775,38000,-120.33241247446372,0.029885110397424273
0.31947368421052635,3.8577550698096617,1.2886798450875814,0.4158849572791328,38000,-131.48592361356813,0.8295917885325448
0.31947368421052635,7.273027526124257,2.3366101290961536,0.14065202404328123,37999.99999999999,-120.7324926778046,0.05241422596537244
0.36368421052631583,6.274606186012401,2.256776232326696,0.10143501964870594,38000.000000000015,-121.52565111302422,0.02754601714611592
0.36368421052631583,5.634377193430219,2.109737318619608,0.19754092948940122,38000,-125.59773593976374,0.1562889411241188
0.36368421052631583,7.065408879341085,2.7176514699682555,0.14071010803265888,38000,-121.0527058445066,0.03436657352783274
0.36368421052631583,6.154711518990878,2.257627824925347,0.11574341934417348,38000.00000000001,-121.2253695994786,0.04477336063877711
0.36368421052631583,3.509663737179978,1.3963964358556105,0.40852760410896977,38000,-132.27059848951075,0.22327813570598803
0.36368421052631583,6.9236771534914086,2.514830193359881,0.10939406402652048,37999.99999999999,-120.17066233244861,0.0309343243771144
0.36368421052631583,8.14527164189623,3.047394492994007,0.11081799282108533,38000,-120.91109812937479,0.030311882840721935
0.36368421052631583,6.265925217026903,2.5092824458261136,0.18792237306706047,38000,-123.10392612149118,0.09809163703440177
0.36368421052631583,5.290499343793749,1.981282572671782,0.20930085052310268,38000,-126.04015713585697,0.16209425574923852
0.36368421052631583,7.315529393298601,2.684105668035027,0.10714794439213993,38000.00000000001,-120.2836635679089,0.03460346330714943
0.36368421052631583,7.563197002300853,2.8321489449082007,0.11691395112952943,38000,-120.31163298910711,0.022619300055044343
0.36368421052631583,6.395941526703,2.2540364933533925,0.11096238408293636,38000,-120.70616884987713,0.021349326353465
0.36368421052631583,6.741137402736022,2.4694939787200783,0.10364985651320806,37999.99999999999,-120.91784795054129,0.0368737891489983
0.36368421052631583,6.710355703999491,2.457042299607042,0.11347286054239601,37999.99999999999,-120.29782639836175,0.027561108271081623
0.36368421052631583,7.6715015335244505,2.868473042435425,0.10973664498900744,38000.00000000001,-120.32960829613467,0.025863652630767675
0.40789473684210525,6.2231314993813625,2.561037418199445,0.1012917173302787,38000,-120.25201042650237,0.03093639677079612
0.40789473684210525,4.805982753121967,2.0112846679212315,0.20219127791673996,38000,-127.64559127054085,0.06228267527250382
0.40789473684210525,6.656925991581453,2.7929779447539027,0.09901045004550116,38000.00000000001,-120.2754691856802,0.014762806662875357
0.40789473684210525,7.550826750739397,3.4255975868061084,0.11373399675811587,37999.99999999999,-120.66513927263085,0.03363417023206929
0.4078947368421053,5.979988924197631,2.4011102734624283,0.09682347310509168,38000,-120.40287009519113,0.02614480799349244
0.40789473684210525,6.939509226641834,3.0659640045174714,0.11673489979581214,38000,-120.43171002635863,0.033771486299169956
0.4078947368421053,5.684768070035959,2.26355850541549,0.1005844277177754,38000,-120.87197625782765,0.02420118014041066
0.40789473684210525,6.02169047286231,2.5023173366250786,0.10432610576783095,38000,-120.41623234023668,0.03221695553493831
0.40789473684210525,2.557673781232104,1.0926235320147264,0.525112613498466,38000,-133.19830479235915,0.7341614668355309
0.40789473684210525,7.170253347638395,3.0978140394256797,0.10706080514501451,38000,-120.34930148436938,0.023591875954421665
0.4078947368421053,7.1739826671071025,3.2207170147724713,0.11841705618322088,38000,-120.53797453724754,0.03106008971696911
0.40789473684210525,5.936581413202046,2.6436546074070733,0.15680416584247622,38000,-122.46472167081875,0.06584886120146688
0.40789473684210525,7.335655841235338,3.225268148096036,0.10546320703469048,38000,-120.53505448093205,0.019977997695532337
0.40789473684210525,3.176580272579335,1.1453147640216252,0.7284030975526227,38000,-138.43951671557693,0.8285035355150718
0.40789473684210525,4.387050661703351,1.956393970311144,0.27857751600447594,37999.99999999999,-127.16094338814617,0.11644987656462072
0.4521052631578948,5.446904463729291,2.6324225163629493,0.126036863200082,38000.000000000015,-121.87419958008724,0.05270648117471857
0.4521052631578948,6.665603718394916,3.290866947650148,0.10140990099552237,38000.00000000001,-120.32377012664941,0.02460556623945208
0.4521052631578948,6.173074484126936,2.8591276266901704,0.08666762464261679,38000,-120.50867323088598,0.019826355076561518
0.4521052631578948,5.510810367092723,2.466391934883383,0.08125214396596739,38000.00000000001,-120.9877069296032,0.022985411753055844
0.4521052631578948,2.408945901041162,0.8968632822036458,0.4343863832221508,38000,-216.78104811959878,18.926916309313253
0.4521052631578948,4.936591028713636,2.3964929703908036,0.1578419522453922,38000,-124.48418366391762,0.07761975136182364
0.4521052631578948,6.483995264602287,3.140814982383829,0.10401705650985033,38000,-120.53574276346049,0.036576108941768465
0.4521052631578948,1.8804053311411368,0.6025588913372398,0.4562914045998477,38000,-801.151294017027,1.2052366269493462
0.4521052631578948,4.4672995102675594,2.1758061706624257,0.21848097547705952,38000,-126.96552998616113,0.0946405564144979
0.4521052631578948,5.878619536961255,2.6841182088239752,0.08663153929413618,38000,-120.46559929277305,0.016388612568667773
0.4521052631578948,6.388523204294158,3.117164600559079,0.1059902468416849,38000.00000000001,-120.40733272166159,0.03822401037868378
0.4521052631578948,5.530549020250918,2.584057573396605,0.09607178219742425,38000,-120.61564710656386,0.042578322473333145
0.45210526315789484,5.884762657644864,2.759168066712107,0.09721522865838682,37999.99999999999,-120.23437385466038,0.03029741740602529
0.4521052631578948,2.8634751475428164,1.211613349769661,0.5337649855302585,38000.00000000001,-136.0622478314469,0.4912946830954172
0.4521052631578948,4.486531529145308,2.1432354053268137,0.19103392017030507,37999.99999999999,-126.78410196706083,0.06520099894370847
0.4963157894736842,5.776626986768564,3.1373882005246414,0.09502174970805144,38000,-120.38970315301619,0.04334330374408507
0.4963157894736842,4.323651895814577,2.3573481272612784,0.187036969441632,38000,-125.91811461481414,0.08840173637143532
0.4963157894736842,6.056236338293002,3.4281281506193806,0.10805253500063024,38000,-120.6754482594954,0.046639654204382645
0.4963157894736842,5.32426959251883,2.6798911690222784,0.08402812199697304,38000,-120.50787484516364,0.018422746021563463
0.4963157894736842,1.8268574816615384,0.7905120915426943,0.66293799444682,38000,-164.92549400944773,4.431486341648729
0.4963157894736842,5.493179857134381,3.0272282389984606,0.10958709551250695,37999.99999999999,-120.90064152592471,0.07160811715009462
0.4963157894736842,6.569355046489276,3.525567026555334,0.08466279549921801,38000,-121.3706030191288,0.025758987013871304
0.4963157894736842,4.690741499132166,2.6144745574227217,0.17172626220053358,38000,-124.48430675043855,0.1741126585880309
0.4963157894736842,1.7533447084979834,0.8723894711692955,0.34647727064386336,38000,-154.3340557081794,1.5471582614410218
0.4963157894736842,5.242374654017718,2.5880461738950955,0.07603523525568401,38000.00000000001,-120.83515249331128,0.023207855578776804
0.4963157894736842,6.325166447676544,3.4483536918182964,0.09639907508265827,38000,-120.74786668349319,0.031502128133845515
0.4963157894736842,3.8740483036839706,1.6737174271655675,0.061880487607767605,38000,-123.6068466843273,0.01613354885939159
0.4963157894736842,5.061637121660497,2.6567990617118737,0.09264264928087543,38000,-121.01812198898999,0.04434246573795367
0.4963157894736842,4.1008248406955,2.271340999090194,0.20765177842390786,38000,-126.32692643443772,0.17321695116417166
0.4963157894736842,4.0030965549501145,2.2553740222458085,0.3485233029885793,38000,-128.21408177726917,0.18067770493584856
0.5405263157894736,5.125181354553617,2.963577128615758,0.08593697714019019,38000,-120.30872795961956,0.03380028940235189
0.5405263157894736,5.095508472124259,2.860472673062942,0.07873829573127292,38000,-120.42420822366564,0.01622706941019782
0.5405263157894736,4.6086092787195465,2.798329488956164,0.1485308556508482,38000,-124.05309483003286,0.06395777600665051
0.5405263157894736,5.192174610856298,3.056844023325065,0.09339727201175725,37999.99999999999,-120.45192676757168,0.03456751297728257
0.5405263157894736,2.092252674946485,1.2064246094318964,0.7046344984483448,38000.00000000001,-129.64590818417764,0.8869786738178688
0.5405263157894736,5.050905816139093,2.839732243696087,0.08215529379086774,38000,-120.47212099577796,0.023019163613331454
0.5405263157894736,6.090734648973481,3.729370730516024,0.08768134206823354,38000,-120.60741664256938,0.03137367497629367
0.5405263157894736,3.2997483014622655,1.8411054478594813,0.2787897731787011,38000,-130.96383258663067,0.15724637956352938
0.5405263157894736,4.922297130084945,3.0662605154676656,0.13216504427692535,38000,-122.73267874532395,0.1239473456902768
0.5405263157894736,5.231395489633979,2.9973765939046317,0.08433566229079953,38000,-120.35252806519114,0.029270791170144306
0.5405263157894736,4.778402805740885,2.5580863516381682,0.06967278960463548,38000,-121.03949090924726,0.019981706521889624
0.5405263157894736,5.765377931614745,3.4872641063423373,0.09143338069381379,37999.99999999999,-120.37194015251475,0.03815710850921345
0.5405263157894736,5.051344990882045,2.972541246664697,0.09460865163405816,38000.00000000001,-120.6265535765763,0.04944972812735288
0.5405263157894736,5.199065494624505,2.9907604267393877,0.08179406939466734,38000,-120.2937846655908,0.020957858124869343
0.5405263157894736,3.475189420663071,2.067176635429204,0.3483517567692006,38000,-128.59824873366537,0.220454433154552
0.5847368421052631,5.597390440525502,3.6648680572788237,0.07414562358431473,38000,-120.91624061963316,0.023800056282861762
0.5847368421052631,2.054139943930829,1.2848570576460892,0.42145393864199115,38000,-133.48423371426543,0.3146350124216826
0.5847368421052631,5.602254481123327,3.7095492673204107,0.08018272700587022,38000,-120.467829731257,0.029973401304224063
0.5847368421052631,4.679580997607505,2.8464722499794375,0.07189881438212284,38000.00000000001,-120.54485277873577,0.021233114424443124
0.5847368421052631,2.0494420608969075,1.1392514254722734,0.7368695103482916,38000,-133.92526936934945,0.3118148186977193
0.5847368421052631,4.513694606860254,2.6563367848270043,0.07015613453513979,38000,-120.93976740105045,0.022664547487858306
0.5847368421052631,5.08262107762928,3.3773093154588962,0.09227502878895444,38000.00000000001,-120.56549902472551,0.04198015321796433
0.5847368421052631,3.8592432120823172,2.4814786406947467,0.17990515689459433,37999.99999999999,-127.14029319761822,0.07105698914517923
0.5847368421052631,1.372346042918995,0.793534281757913,0.2910017844224742,38000,-166.32599037359287,7.995321418366445
0.5847368421052631,4.565055767812676,2.723693941628245,0.06637087895555559,38000.00000000001,-121.11950054308724,0.01903458488473886
0.5847368421052631,4.889681643385385,2.9731907096806025,0.07050489997902849,37999.99999999999,-120.69069864666716,0.018518640863358346
0.5847368421052631,4.563592383724755,2.7460535725738127,0.07438676088519973,38000,-120.68724725377902,0.018101453923619178
0.5847368421052631,4.971506588694002,3.1835821319042297,0.08187338290772547,38000,-120.2546695405671,0.020619204187995205
0.5847368421052631,2.3069329362946744,1.2893118955130274,0.43559779776011653,38000,-135.80424264068816,1.4857486702933123
0.5847368421052631,3.3332551432942967,2.0809911437697246,0.20078192191834013,38000.00000000001,-129.16892778230994,0.20197816756718556
0.6289473684210526,5.009527834530847,3.5201172344266802,0.07659976737558803,38000,-120.34136006921489,0.029260226851434486
0.6289473684210526,4.467571116384254,3.079534190946161,0.07446412984505775,38000,-120.77825066183578,0.027239770517576492
0.6289473684210526,4.829739405970014,3.3840980773343667,0.0748752715055834,37999.99999999999,-120.33509720003434,0.01340753919788386
0.6289473684210526,4.456428231463784,3.029567103085868,0.07600039447736551,38000,-120.48003024146158,0.024110088021454236
0.6289473684210525,1.7839028371718129,1.103816029605658,0.7002680095028138,38000,-132.19165173723036,0.7704868155987606
0.6289473684210526,4.906294127761916,3.621964463827797,0.11016058115398769,38000.00000000001,-122.24318174343226,0.06121590588686404
0.6289473684210526,4.8551101819296525,3.3749446657269035,0.07365772316808979,38000,-120.32736171431219,0.020873199829295044
0.6289473684210527,1.8451170643086736,1.1372872713799382,0.3314983332380574,38000,-139.00201866672998,3.5113568910564155
0.6289473684210527,2.1845469017476233,1.504297308902886,0.3649868564549466,38000,-130.90082195356678,0.3392040089084236
0.6289473684210526,5.036067385034723,3.7443219785391846,0.09295239759001424,38000.00000000001,-120.8723155338657,0.048769291426564505
0.6289473684210526,4.694728151846022,3.1746912256974604,0.0723955765596471,38000.00000000001,-120.4647234892959,0.01876217604285191
0.6289473684210526,5.516745305759638,4.131817569818681,0.08269744610781947,38000,-120.62544908943805,0.03473112924468732
0.6289473684210526,3.902319073018809,2.9882265324926123,0.16797030192116907,38000,-126.4752138158653,0.16324338920222375
0.6289473684210526,7.183802096694254,6.299243024954807,0.09009201956228205,38000,-123.70972351954474,0.027751271726758203
0.6289473684210526,2.2449386636286195,1.4559724877050366,0.27385962675744824,38000.00000000001,-134.8820068612427,0.3041955989462889
0.6731578947368421,4.54742139941976,3.3800846977922476,0.06806120976958281,37999.99999999999,-120.39774406433433,0.025581306987144902
0.6731578947368421,1.4719851709821123,0.904377432410435,0.3744117116319501,38000,-146.5304159813396,17.249586497569325
0.6731578947368421,3.6006978867210497,2.7220198393025683,0.14612738955871807,37999.99999999999,-126.37401750201487,0.0569392850548439
0.6731578947368421,3.9149539248349856,2.6972792890174793,0.06349775373644052,38000.00000000001,-121.01155708934485,0.020544193942595556
0.6731578947368421,2.1058652479757134,1.4651324684033447,0.4412452720057544,37999.99999999999,-131.45708710204465,0.44156143162151346
0.6731578947368421,4.34200316803011,3.19010818568273,0.06840345633460554,38000,-120.43556896723966,0.019054533180930578
0.6731578947368421,4.060725081642882,2.9073396054810945,0.06884610336154952,38000,-120.6430301642949,0.014206089319228959
0.6731578947368421,3.456450292251354,2.235631816542416,0.05489673351918147,38000,-122.22106691279073,0.018615308459770233
0.6731578947368421,1.677720917408115,1.1406697382570579,0.37270463794659014,38000,-138.42967057640368,0.4189979460502847
0.6731578947368421,4.31633374078275,3.1785271160644437,0.07119716841303764,38000,-120.35426752696237,0.02617359955530924
0.6731578947368421,4.8245197140660885,3.766914890960481,0.08522898289413183,38000,-120.93767906221679,0.026894786858101573
0.6731578947368421,4.24967389846926,3.0540272777639603,0.06416994376558467,38000,-120.66429340997497,0.019061144273164778
0.6731578947368422,4.217166309404671,2.9572768353403305,0.062249423975200176,38000,-120.86550209313022,0.010821156192950765
0.6731578947368421,4.681554712863046,3.597957317903021,0.07827688138216583,37999.99999999999,-120.36857353154794,0.035084953789491835
0.6731578947368422,3.2321778584678897,2.388763792746419,0.24867919390781174,38000,-129.72026331007598,0.06832484830858254
0.7173684210526315,4.5074596801047635,3.6045515588467714,0.06435890177720031,37999.99999999999,-120.6528188184625,0.0227064152541375
0.7173684210526315,4.367116280993501,3.5773184008831285,0.07244560249173326,37999.99999999999,-120.30322702093598,0.02347830679995231
0.7173684210526315,4.104149509587657,3.256162650401819,0.0698461167660657,38000,-120.48468154686475,0.027906526418539745
0.7173684210526315,4.448490004170208,3.6374471884178945,0.0657549448106942,37999.99999999999,-120.51464424052988,0.02885762084877756
0.7173684210526315,2.078650198553174,1.6039209524884057,0.520295266749657,37999.99999999999,-129.88267839178735,0.24770406289011823
0.7173684210526315,4.833402090762852,4.051638139776695,0.07034214281725004,38000,-120.62269043331182,0.011870413954218333
0.7173684210526315,4.318949356174789,3.5534182639082665,0.07148716167900278,38000.00000000001,-120.41987995663098,0.032888762032804206
0.7173684210526315,3.2913812586915974,2.6758708043034454,0.1420467727630797,38000,-126.56424714083967,0.07496599647160522
0.7173684210526315,0.8499743164562519,0.6336954479559203,0.8926758102230087,38000,-179.99043356322213,23.843135890740843
0.7173684210526315,2.737967076113972,2.2561362534614404,0.3874707980081016,38000,-129.9730725046025,0.1377918475751106
0.7173684210526315,4.3529838077158045,3.4528379069571193,0.0630778096175961,38000,-120.56841006407994,0.02347107204708397
0.7173684210526315,4.37982808236295,3.5368853954459363,0.06781540685642787,38000.00000000001,-120.28717050321889,0.018720721083234772
0.7173684210526315,3.4109189981108448,2.8970191260799916,0.1686456527704907,38000,-126.13164743133379,0.15124111219026337
0.7173684210526315,2.9085811954070184,2.292759077737372,0.2924945821125369,38000,-130.240742123352,0.09264668561746059
0.7173684210526315,2.661157138710187,2.150412165425306,0.2121219451351338,38000,-129.05676004969976,0.25392514395033233
0.761578947368421,4.429456327421562,3.9673237231653316,0.06885685433214557,37999.99999999999,-120.32160357657467,0.029976785606954447
0.7615789473684209,4.038480070662108,3.6715192528338347,0.0948400918666709,38000,-122.06123386176091,0.07290587605343467
0.761578947368421,4.286287978261767,3.7140236557006427,0.06352786219099657,38000,-120.39675799227783,0.016023778329370898
0.761578947368421,4.548102733792456,4.000833417180711,0.06229036027152214,38000,-120.83841337075265,0.031664174129750915
0.761578947368421,0.9056865910667484,0.3109662327742419,0.4819130548422467,38000,-910.4374049267703,15.030963193728462
0.761578947368421,4.672263747006373,4.371649812089256,0.07801360002497743,38000,-120.68483828346318,0.02546434459696613
0.761578947368421,4.260923229016617,3.6824815609829136,0.06233469729533312,38000,-120.43483399810167,0.015771336411686286
0.761578947368421,1.5443610201637452,1.0931379042993494,0.40724553816214515,38000.00000000001,-147.69177670962983,4.243446712279174
0.761578947368421,2.1596042153750084,1.7087756552990303,0.39174194659456735,38000,-131.64857602275492,0.2413379666275521
0.761578947368421,1.8864437323534724,1.4542566510463735,0.24018038310371997,38000,-140.26500319245594,0.45117082525169605
0.761578947368421,4.573356737469619,3.9850425378003846,0.06355416902728792,38000,-121.39414880205793,0.03723446450811041
0.761578947368421,4.3381181950974295,3.8467350895853896,0.06958951092066486,38000,-120.3448448126475,0.03237533942878018
0.761578947368421,4.08023181652801,3.614584735934016,0.06834792743242786,38000,-120.78278758675147,0.032105427764710676
0.761578947368421,9.006471856667417,33.11413547142331,0.06633209061489793,38000,-133.83518992541718,0.0396833365874829
0.761578947368421,3.682149369024221,2.9538296919806615,0.061763029435250236,38000,-121.37207103362357,0.025375303861987084
0.8057894736842105,1.7918873101173025,1.4273991286996408,0.29169008884463477,38000,-140.48215201088368,0.7730879071608021
0.8057894736842105,1.1004536177848125,0.7386525004349385,0.3341744613395533,38000.00000000001,-360.8680022436305,29.5635155632274
0.8057894736842105,3.63352652174091,3.2102922683556385,0.059829955133279,37999.99999999999,-120.6290642820411,0.021567110899279773
0.8057894736842105,3.9035433833161655,3.6113599926664044,0.06189909246414649,38000,-120.55912226306054,0.03548198767233016
0.8057894736842105,3.303302056665684,3.2072005557923493,0.16619573173407415,38000,-126.64132144279606,0.05093253241680049
0.8057894736842105,3.4269588402663307,3.3516334042105282,0.19451982900987563,38000.00000000001,-128.14791657927776,0.10309219942276318
0.8057894736842105,4.349982291660345,4.166757717762346,0.06398954681004555,38000,-120.44588585373977,0.026076495773803103
0.8057894736842105,2.305746126783737,2.096736792677506,0.3041325305897161,38000,-129.10697967562163,0.1797180013938311
0.8057894736842105,2.8892454982307094,2.6822551999749495,0.17747058812951305,38000,-127.69837833811702,0.10654466628681969
0.8057894736842105,4.528563605555691,4.519385567742778,0.06977948496289064,37999.999999999985,-120.5039515671144,0.032086688785110694
0.8057894736842105,4.084681414530492,3.78755843974288,0.05910328987311158,38000,-120.59266778581082,0.02203824933623982
0.8057894736842105,4.173382151974094,4.039650941785111,0.06880259261846937,38000,-120.40362119227265,0.02230149887613445
0.8057894736842105,3.5847064562261197,3.2210951875433564,0.06501462726539078,38000,-120.82535202074115,0.03355212455728181
0.8057894736842105,4.061031655229306,3.79821350061038,0.06445906703486033,38000,-120.32391663307817,0.01893667908071616
0.8057894736842105,1.5239773844882196,1.3369888186316716,0.4677687359253578,38000.00000000001,-131.3281955293441,0.5108868192807098
0.85,3.9995406624371066,3.8731159341095154,0.05355143014251054,38000,-121.14771924797424,0.015450700337243786
0.85,4.216915695204923,4.357556819224393,0.06310618179441979,38000,-120.39390385024868,0.028522166159240993
0.85,4.147414947949266,4.788938774188351,0.12186175569809853,38000,-124.61044069592202,0.039826745211085084
0.85,4.183549520157965,4.24294831762989,0.06035977669473179,38000,-120.58850876937754,0.012119748211508524
0.85,0.9631647668361514,0.5121552796140518,0.5108308274842689,38000.00000000001,-848.8299763980646,2.683184507702268
0.85,3.834097654507139,3.7689594867191825,0.05959753594456626,38000,-120.3697247210722,0.01926679273645664
0.85,3.7028807066005167,3.579355509420957,0.06024792469345511,38000,-120.45359372588524,0.023596657893278285
0.85,2.473873037526395,2.3748536943813088,0.12797037947051335,38000,-128.5747820562811,0.5477956178548322
0.85,2.552174722006754,2.548661440449365,0.21614347855610774,38000,-128.03864859507297,0.2068574017500745
0.85,3.8563701937867374,3.8198446607305088,0.06283212325287947,38000,-120.38039969192177,0.01574932043298938
0.85,3.6044382867679823,3.4490194211445955,0.05906284356695516,37999.99999999999,-120.52164802451348,0.017889552280052373
0.85,2.7035083803639974,2.547567556612925,0.12178709102185152,38000,-128.81376714375543,0.13027133919720335
0.85,3.1479609951919185,3.0777973744591733,0.0894935911954704,38000,-123.78134690297179,0.07585735066821468
0.85,1.0549064708317304,16.453894628239464,0.059581649488785554,38000,-1213.5349668028955,3.447031775817488e-5
0.85,3.980334159442674,4.047886595690382,0.06675105898302035,37999.99999999999,-120.35900901047688,0.016820419898238098
